# Source: https://www.mdais.org/blood-donation/information-drug-blood — columns: Hebrew trade name | English trade name | generic | guideline text | criterion
אבודרט	AVODART	DUTASTERIDE	מותר להתרים 6 חודשים לאחר סיום הטיפול	טיפול בהגדלת הפרוסטטה שפירה
אביאנה	EVIANA	ESTRADIOL, NORETHISTERONE	מותר להתרים	טיפול הורמונלי
אביטרן	ABITREN	DICLOFENAC	מותר להתרים. לא לטרומבוציטים, אם קיבל במשך 3 ימים אחרונים	נגד כאבים
אביטרן	ABITREN	DICLOFENAC	אסור להתרים אם דלקת חריפה, או דלקת כרונית פעילה	טיפול בדלקת
אביטרקסט	ABITREXATE	METHOTREXATE	אסור להתרים	טיפול במחלות ממאירות ואוטואימוניות
אביליפיי	ABILIFY	ARIPIPRAZOLE	מותר להתרים. יש לוודא שתורם במצב נפשי תקין ובא לתרום מרצונו	טיפול בסכיזופרניה ובעיות נפשיות שונות
אבקמול	AVCAMOL	PARACETAMOL	מותר להתרים	נגד כאבים
אבקמול	AVCAMOL	PARACETAMOL	מותר להתרים לאחר החלמה	נגד חום
אברול	ABROL	PARACETAMOL	מותר להתרים	נגד כאבים
אברול	ABROL	PARACETAMOL	מותר להתרים לאחר החלמה	נגד חום
אג'ובי	AJOVY	FREMANEZUMAB	מותר להתרים אם ללא כאבי ראש ביום התרומה ועברו 24 שעות ממועד הזריקה	טיפול במיגרנה
אגיולקס	AGIOLAX	ISPAGHULA, SENNA	מותר להתרים	נגד עצירות
אגיוקור	AGIOCUR	ISPAGHULA	מותר להתרים	נגד עצירות
אגיסטן לכסניות	AGISTEN LOZENGES	CLOTRIMAZOLE	מותר להתרים לאחר ההחלמה	טיפול בפטרת בפה
אגיסרק	AGISERC	BETAHISTINE	מותר להתרים אם אין סחרחורת ביום התרומה	טיפול במחלת מנייר
אגיסרק	AGISERC	BETAHISTINE	מותר להתרים לאחר החלמה	טיפול בורטיגו
אגנוקסטון	AGNUCASTON	HERB. EXTRACTS	מותר להתרים	טיפול בתסמונת קדם- וסתית
אדויל	ADVIL	IBUPROFEN	מותר להתרים. לא לטרומבוציטים, אם קיבל במשך 3 ימים אחרונים	נגד כאבים
אדויל	ADVIL	IBUPROFEN	אסור להתרים אם דלקת חריפה, או דלקת כרונית פעילה	טיפול בדלקת
אדויל	ADVIL	IBUPROFEN	מותר להתרים לאחר החלמה. לא לטרומבוציטים, אם קיבל במשך 3 ימים אחרונים	נגד חום וצינון
אדיזם	ADIZEM	DILTIAZEM	מותר להתרים אם לחץ הדם מאוזן	טיפול ביתר לחץ דם
אדיזם	ADIZEM	DILTIAZEM	אסור להתרים	טיפול בבעיות לב
אדמפאס	ADEMPAS	RIOCIGUAT	אסור להתרים	טיפול ביתר לחץ דם ריאתי
אדקס	ADEX	IBUPROFEN	מותר להתרים. לא לטרומבוציטים, אם קיבל במשך 3 ימים אחרונים	נגד כאבים
אדקס	ADEX	IBUPROFEN	אסור להתרים אם דלקת חריפה, או דלקת כרונית פעילה	טיפול בדלקת
אדקס	ADEX	IBUPROFEN	מותר להתרים לאחר החלמה. לא לטרומבוציטים, אם קיבל במשך 3 ימים אחרונים	נגד חום וצינון
אדרונקס	EDRONAX	REBOXETINE	מותר להתרים. יש לוודא שתורם במצב נפשי תקין ובא לתרום מרצונו	טיפול בדיכאון
אהיסטון	AHISTON	CHLORPHENIRAMINE	מותר להתרים	טיפול נגד אלרגיה
אובג'יו	AUBAGIO	TERIFLUNOMIDE	.אסור להתרים	טיפול בטרשת נפוצה
אוגמנטין	AUGMENTIN	AMOXYCILLIN, CLAVULANIC ACID	מותר להתרים לאחר סיום הטיפול והחלמה מלאה בהתאם למחלה	אנטיביוטיקה
אוויסטה	EVISTA	RALOXIFENE	מותר להתרים	טיפול באוסטיאופורוזיס
אווסטין	AVASTIN	BEVACIZUMAB	מותר לתרום שבוע לאחר הזריקה	טיפול בניוון מקולרי גילי
אווסטין	AVASTIN	BEVACIZUMAB	אסור להתרים	טיפול במחלות ממאירות
אוורל	EVOREL	ESTRADIOL	מותר להתרים	טיפול הורמונלי
אוזמפיק	OZEMPIC	SEMAGLUTIDE	מותר להתרים אם סכרת מאוזנת ועברו 24 שעות לאחר הזרקה	טיפול בסכרת
אוטזלה	OTEZLA	APREMILAST	.אסור להתרים	טיפול בפסוריאזיס קשה/ דלקת פרקים פסוריאטית פעילה
אולומיאנט	OLUMIANT	BARICITINIB	אסור להתרים	טיפול בדלקת פרקים ראומטית פעילה
אולטיברו	ULTIBRO	GLYCOPYRRONIUM, INDACATEROL	מותר להתרים אם אין קוצר נשימה במאמץ קל ו/או מחלה חריפה	טיפול ב COPD
אולנזפין	OLANZAPINE	OLANZAPINE	מותר להתרים. יש לוודא שתורם במצב נפשי תקין ובא לתרום מרצונו	טיפול בבעיות נפשיות
אומניק	OMNIC	TAMSULOSIN	מותר להתרים	טיפול בהגדלת פרוסטטה שפירה
אומפרדקס	OMEPRADEX	OMEPRAZOLE	מותר להתרים אם אין עדות לדימום והמוגלובין תקין	טיפול בכיב קיבה, רפלוקס, הליקובקטר
אומפרה	OMEPRA	OMEPRAZOLE	מותר להתרים אם אין עדות לדימום והמוגלובין תקין	טיפול בכיב קיבה, רפלוקס, הליקובקטר
אומפריקס	OMEPRIX	OMEPRAZOLE	מותר להתרים אם אין עדות לדימום והמוגלובין תקין	טיפול בכיב קיבה או תריסריון, רפלוקס
אומקור	OMACOR	OMEGA 3	מותר להתרים	להורדת שומנים בדם
אונברז	ONBREZ	INDACATEROL	מותר להתרים אם אין קוצר נשימה במאמץ קל ו/או מחלה חריפה	טיפול ב COPD
אונגלייזה	ONGLYZA	SAXAGLIPTIN	מותר להתרים אם סכרת מאוזנת	טיפול בסכרת
אוסטדו	AUSTEDO	DEUTETRABENAZINE	לפנות לסמכות רפואית	לטיפול בתנועות בלתי רצויות
אוסמו אדלט	OSMO ADALAT	NIFEDIPINE	מותר להתרים אם לחץ הדם מאוזן	טיפול ביתר לחץ דם
אוסמו אדלט	OSMO ADALAT	NIFEDIPINE	אסור להתרים	טיפול בבעיות לב
אוספולוט	OSPOLOT	SULTHIAME	אסור להתרים	טיטפול באפילפסיה
אופטלגין	OPTALGIN	DIPYRONE	מותר להתרים	נגד כאבים
אופטלגין	OPTALGIN	DIPYRONE	מותר להתרים לאחר החלמה	נגד חום
אופלודקס	OFLODEX	OFLOXACIN	מותר להתרים לאחר סיום הטיפול והחלמה מלאה בהתאם למחלה	אנטיביוטיקה
אופלוקסצין	OFLOXACIN	OFLOXACIN	מותר להתרים לאחר סיום הטיפול והחלמה מלאה בהתאם למחלה	אנטיביוטיקה
אופסומיט	OPSUMIT	MACITENTAN	אסור להתרים	טיפול ביתר לחץ דם בעורק ריאתי
אוקליבה	OCALIVA	OBETICHOLIC ACID	אסור להתרים	טיפול בשחמת ראשונית של המרה
אוקסאאר	OCSAAR	LOSARTAN	מותר להתרים אם לחץ הדם מאוזן	טיפול ביתר לחץ דם
אוקסאאר	OCSAAR	LOSARTAN	אסור להתרים	טיפול בבעיות לב
אוקסופורין	OXOPURIN	PENTOXIFYLLINE	מותר להתרים בהתאם למצב הרפואי	טיפול במחלות כלי הדם
אוקסיס טורבוהלר	OXIS TURBUHALER	FORMOTEROL	מותר להתרים בהתאם להנחיות רפואיות (ראה אסטמה)	טיפול באסטמה
אוקסיס טורבוהלר	OXIS TURBUHALER	FORMOTEROL	מותר להתרים אם אין קוצר נשימה במאמץ קל ו/או מחלה חריפה	טיפול ב- COPD
אוקסיקוד	OXYCOD	OXYCODONE	מותר להתרים לכאבים אורטופדיים (פריצת דיסק, כאבי גב) במידה וסיבה לא מונעת מתרומה	טיפול בכאבים
אוקסיקונטין	OXYCONTIN	OXYCODONE	מותר להתרים לכאבים אורטופדיים (פריצת דיסק, כאבי גב) במידה וסיבה לא מונעת מתרומה	טיפול בכאבים
אוקרבון	EUCARBON	CHARCOAL, SENNA	מותר להתרים	טיפול בעצירות וגזים
אוראפ פורטה	ORAP FORTE	PIMOZIDE	מותר להתרים. יש לוודא שתורם במצב נפשי תקין ובא לתרום מרצונו	טיפול בבעיות נפשיות
אורליט-U	URALIT-U	POTASSIUM SODIUM	מותר להתרים אם תפקודי כליות תקינים ואין דלקת	טיפול באבני כליה
אורמוקס	URAMOX	ACETAZOLAMIDE	אסור להתרים	טיפול באי ספיקת לב
אורמוקס	URAMOX	ACETAZOLAMIDE	אסור להתרים	טיפול בלחץ תוך גולגולתי גבוה
אורמוקס	URAMOX	ACETAZOLAMIDE	מותר להתרים	טיפול בגלאוקומה
אורנסיה	ORENCIA	ABATACEPT	אסור להתרים	טיפול בדלקת פרקים ראומטית פעילה
אורסוליט	URSOLIT	URSODEOXYCHOLIC ACID	אסור להתרים	טיפול במחלות כבד
אורסוליט	URSOLIT	URSODEOXYCHOLIC ACID	מותר להתרים אם תורם אסימפטומתי ואין דלקת	טיפול באבני מרה
אורקמבי	ORKAMBI	,LUMACAFTOR IVACAFTOR	אסור להתרים	טיפול בציסטיק פיברוזיס
אזטרול	EZETROL	EZETIMIBE	מותר להתרים	טיפול בכולסטרול גבוה
אזיטרומיצין	AZITHROMYCIN	AZITHROMYCIN	מותר להתרים לאחר סיום הטיפול והחלמה מלאה בהתאם למחלה	אנטיביוטיקה
אזילקט	AZILECT	RASAGILINE	מותר להתרים בהתאם למצבו התורם	טיפול במחלת פרקינסון
אזניל	AZENIL	AZITHROMYCIN	מותר להתרים לאחר סיום הטיפול והחלמה מלאה בהתאם למחלה	אנטיביוטיקה
אזקור	EZECOR	EZETIMIBE	מותר להתרים	טיפול בכולסטרול גבוה
אטאקנד	ATACAND	CANDESARTAN	מותר להתרים אם לחץ הדם מאוזן	טיפול ביתר לחץ דם
אטודולק	ETODOLAC	ETODOLAC	מותר להתרים. לא לטרומבוציטים, אם קיבל במשך 3 ימים אחרונים	נגד כאבים
אטודולק	ETODOLAC	ETODOLAC	אסור להתרים אם דלקת חריפה, או דלקת כרונית פעילה	טיפול בדלקת
אטוזט	ATOZET	ATORVASTATIN, EZETIMIBE	מותר להתרים	טיפול בעודף כולסטרול בדם
אטומיק	ATOMIC	ATOMOXETINE	מותר להתרים	טיפול בהפרעות קשב ופעלתנות יתר (ADHD)
אטופן	ETOPAN	ETODOLAC	מותר להתרים. לא לטרומבוציטים, אם קיבל במשך 3 ימים אחרונים	נגד כאבים
אטופן	ETOPAN	ETODOLAC	אסור להתרים אם דלקת חריפה, או דלקת כרונית פעילה	טיפול בדלקת
אטורבה - דקס	ATORVA-DEX	ATORVASTATIN	מותר להתרים	טיפול בעודף כולסטרול בדם
אטורבסטאטין	ATORVASTATIN	ATORVASTATIN	מותר להתרים	טיפול בעודף כולסטרול בדם
אטוריקוקסיב	ETORICOXIB	ETORICOXIB	מותר להתרים. לא לטרומבוציטים, אם קיבל במשך 3 ימים אחרונים	נגד כאבים
אטוריקוקסיב	ETORICOXIB	ETORICOXIB	אסור להתרים	טיפול בדלקת פרקים פעילה
אטנט	ATTENT	AMPHETAMINE	מותר להתרים	טיפול בהפרעות קשב ופעלתנות יתר (ADHD)
אטנט	ATTENT	AMPHETAMINE	אסור להתרים	טיפול בנרקולפסיה
אטרובנט	ATROVENT	IPRATROPIUM	מותר להתרים בהתאם להנחיות רפואיות לאסטמה	טיפול באסטמה
איבופן	IBUFEN	IBUPROFEN	מותר להתרים. לא לטרומבוציטים, אם קיבל במשך 3 ימים אחרונים	נגד כאבים
איבופן	IBUFEN	IBUPROFEN	אסור להתרים אם דלקת חריפה, או דלקת כרונית פעילה	טיפול בדלקת
איבופרופן	IBUPROFEN	IBUPROFEN	מותר להתרים. לא לטרומבוציטים, אם קיבל במשך 3 ימים אחרונים	נגד כאבים
איבופרופן	IBUPROFEN	IBUPROFEN	אסור להתרים אם דלקת חריפה, או דלקת כרונית פעילה	טיפול בדלקת
איבופרופן	IBUPROFEN	IBUPROFEN	מותר להתרים לאחר החלמה	נגד חום
איבניטי	EVENITY	ROMOSOZUMAB	מותר להתרים	טיפול באוסטאופורוזיס
איזילקס	EASYLAX	PHENOLPHTALEINE	מותר להתרים	נגד עצירות
איטרנול	ITRANOL	ITRACONAZOLE	מותר להתרים	טיפול בפטרת בעור וציפורניים
איימוביג	AIMOVIG	ERENUMAB	מותר להתרים אם ללא כאבי ראש ביום התרומה ועברו 24 שעות ממועד הזריקה	טיפול במיגרנה
אילאריס	ILARIS	CANAKINUMAB	אסור להתרים	טיפול במצבים דלקתיים שונים
אילומיה	ILUMYA	TILDRAKIZUMAB	אסור להתרים	טיפול בפסוריאזיס קשה
אימובן	IMOVAN	ZOPICLONE	מותר להתרים	טיפול בהפרעות שינה
אימודיום	IMODIUM	LOPERAMIDE	מותר להתרים שבוע לאחר החלמה	נגד שלשולים
אימוראן	IMURAN	AZATHIOPRINE	אסור להתרים	טיפול אימונוסופרסיבי
אימיטרקס	IMITREX	SUMATRIPTAN	מותר להתרים 24 שעות לאחר ההתקף	טיפול בהתקפי מיגרנה
אימפבידו	IMPAVIDO	MILTEFOSINE	אסור להתרים	טיפול בשושנת יריחו
אינדוביס	INDOVIS	INDOMETHACIN	מותר להתרים. לא לטרומבוציטים, אם קיבל במשך 3 ימים אחרונים	נגד כאבים
אינדוביס	INDOVIS	INDOMETHACIN	אסור להתרים אם דלקת חריפה, או דלקת כרונית פעילה	טיפול  בדלקת
אינובלון	INOVELON	RUFINAMIDE	אסור להתרים	נגד התקווצויות
אינווגה	INVEGA	PALIPERIDONE	מותר להתרים. יש לוודא שתורם במצב נפשי תקין ובא לתרום מרצונו	טיפול בבעיות נפשיות
אינסולטרד	INSULATARD	INSULIN	אסור להתרים	טיפול בסכרת
אינסולין	INSULIN	INSULIN	אסור להתרים	טיפול בסכרת
אינספרה	INSPRA	EPLERENONE	אסור להתרים	טיפול באי ספיקת לב
אינקרוז אליפטה	INCRUSE ELLIPTA	UMECLIDINIUM	מותר להתרים אם אין קוצר נשימה במאמץ קל ו/או מחלה חריפה	טיפול ב COPD
איקאפרס	IKAPRESS	VERAPAMIL	מותר להתרים אם לחץ הדם מאוזן	טיפול ביתר לחץ דם
איקאפרס	IKAPRESS	VERAPAMIL	אסור להתרים	טיפול בבעיות לב
איקאקור	IKACOR	VERAPAMIL	מותר להתרים אם לחץ הדם מאוזן	טיפול ביתר לחץ דם
איקאקור	IKACOR	VERAPAMIL	אסור להתרים	טיפול בבעיות לב
איקסיפי	IXIFI	INFLIXIMAB	אסור להתרים	טיפול אימונוסופרסיבי
איקסל	IXEL	MILNACIPRAN	מותר להתרים	טיפול בדיכאון
אירובנט	AEROVENT	IPRATROPIUM	מותר להתרים בהתאם להנחיות רפואיות (ראה אסטמה/ ברונכיטיס)	טיפול באסטמה/ ברונכיטיס כרונית
אירובנט	AEROVENT	IPRATROPIUM	אסור להתרים	טיפול באמפיזמה
אלדקטון	ALDACTONE	SPIRONOLACTONE	אסור להתרים	טיפול במחלות לב, כבד, כליות
אלדקטון	ALDACTONE	SPIRONOLACTONE	מותר להתרים	טיפול ביתר לחץ דם, בעיות הורמונליות
אלוריל	ALLORIL	ALLOPURINOL	מותר להתרים בהתאם למחלה/ מצב רפואי	להורדת הרמות של חומצת אורית בדם
אלטרול	ELATROL	AMITRIPTYLINE	מותר להתרים. יש לוודא שתורם במצב נפשי תקין ובא לתרום מרצונו	טיפול בדיכאון
אלטרולט	ELATROLET	AMITRIPTYLINE	מותר להתרים. יש לוודא שתורם במצב נפשי תקין ובא לתרום מרצונו	טיפול בדיכאון
אלטרוקסין	ELTROXIN	LEVOTHYROXINE SODIUM	מותר להתרים אם תיפקודי בלוטת התריס תקינים	טיפול בתת פעילות של בלוטת התריס
אלטריפטן	ELETRIPTAN	ELETRIPTAN	מותר להתרים אם ללא התקף ביום התרומה	טיפול בהתקפי מיגרנה
אליקוויס	ELIQUIS	APIXABAN	אסור להתרים	לדילול דם
אלפא די 3	ALPHA D3	ALFACALCIDOL	מותר להתרים	טיפול באוסטאופורוזיס
אלפו-קל XL	ALFU KAL XL	ALFUZOSINE	מותר להתרים	טיפול בהגדלת פרוסטטה שפירה
אלפוזוסין	ALFUZOSIN	ALFUZOSINE	מותר להתרים	טיפול בהגדלת פרוסטטה שפירה
אלפרליד	ALPRALID	ALPRAZOLAM	מותר להתרים. יש לוודא שתורם במצב נפשי תקין ובא לתרום מרצונו	טיפול במצבי חרדה ודיכאון
אלצינל סירופ	ALCINAL SIRUP	CHLORPHENIRAMINE, DEXTROMETHORPHAN, GUAIFENESIN	מותר להתרים לאחר החלמה	טיפול בשיעול ונזלת
אלרג'י- קאר	ALLERGY- CARE	CETIRIZINE	מותר להתרים	טיפול באלרגיה
אלרג'י X	ALLERGYX	LORATADINE	מותר להתרים	טיפול באלרגיה
אלרג'ית	ALERGIT	LORATADINE	מותר להתרים	טיפול באלרגיה
אמביאן	AMBIEN	ZOLPIDEM	מותר להתרים	טיפול בהפרעות שינה
אמבריסנטן	AMBRISENTAN	AMBRISENTAN	אסור להתרים	טיפול ביתר לחץ דם ריאתי
אמג'ויטה	AMGEVITA	ADALIMUMAB	אסור להתרים	טיפול אימונוסופרסיבי
אמגליטי	EMGALITY	CALCANEZUMAB	מותר להתרים אם ללא כאבי ראש ביום התרומה ועברו 24 שעות ממועד הזריקה	לטיפול במיגרנה
אמוקסי קאר	AMOXI CARE	AMOXYCILLIN	מותר להתרים לאחר סיום הטיפול והחלמה מלאה בהתאם למחלה	אנטיביוטיקה
אמוקסיקלב	AMOXICLAV	AMOXYCILLIN, CLAVULANIC ACID	מותר להתרים לאחר סיום הטיפול והחלמה מלאה בהתאם למחלה	אנטיביוטיקה
אמיאוקרד	AMIOCARD	AMIODARONE	אסור להתרים	טיפול בהפרעות קצב
אמילי	EMILY	ETHINYLESTRADIOL, GESTODENE	מותר להתרים	גלולות למניעת הריון
אמלו	AMLOW	AMLODIPINE	מותר להתרים אם לחץ הדם מאוזן	טיפול ביתר לחץ דם
אמלו	AMLOW	AMLODIPINE	אסור להתרים	טיפול בבעיות לב
אמלודיפין	AMLODIPINE	AMLODIPINE	מותר להתרים אם לחץ הדם מאוזן	טיפול ביתר לחץ דם
אמלודיפין	AMLODIPINE	AMLODIPINE	אסור להתרים	טיפול בבעיות לב
אמנדין	AMANDIN	AMANTADINE	אסור להתרים	טיפול במחלת פרקינסון קשה
אמספאריטי	AMSPARITY	ADALIMUMAB	אסור להתרים	טיפול אימונוסופרסיבי
אמריל	AMARYL	GLIMEPIRIDE	מותר להתרים אם סכרת מאוזנת	טיפול בסכרת
אנאפרניל	ANAFRANIL	CLOMIPRAMINE	מותר להתרים. יש לוודא שתורם במצב נפשי תקין ובא לתרום מרצונו	טיפול בדיכאון
אנברל	ENBREL	ETANERCEPT	אסור להתרים	טיפול אימונוסופרסיבי
אנג'ליק	ANGELIQ	Drospirenone & Estradiol	מותר להתרים	טיפול הורמונלי בגיל המעבר (HRT)
אנגריד	ANAGRID	ANAGRELIDE	אסור להתרים	טיפול בטרומבוציטמיה אסנציאלית
אנדרוג'ל	ANDROGEL	TESTOSTERONE	מותר להתרים	טיפול לחסר טסטוסטרון
אנדרוקור	ANDROCUR	CYPROTERONE	מותר להתרים	טיפול הורמונלי לנשים
אנדרוקסון	ANDROXON	TESTOSTERONE	מותר להתרים	טיפול לחסר טסטוסטרון
אנורו אליפטה	ANORO ELLIPTA	UMECLIDINIUM, VILANTEROL	מותר להתרים אם אין קוצר נשימה במאמץ קל ו/או מחלה חריפה	טיפול ב COPD
אנטומין	ENTUMIN	CLOTIAPINE	מותר להתרים. יש לוודא שתורם במצב נפשי תקין ובא לתרום מרצונו	טיפול בבעיות נפשיות
אנטיביו	ENTYVIO	VEDOLIZUMAB	אסור להתרים	טיםול בקוליטיס ומחלת קרוהן
אנטרסטו	ENTRESTO	SACUBITRIL/VALSARTAN	אסור להתרים	טיפול באי ספיקת לב
אנלדקס	ENALADEX	ENALAPRIL	מותר להתרים אם לחץ הדם מאוזן	טיפול ביתר לחץ דם
אנלדקס	ENALADEX	ENALAPRIL	אסור להתרים	טיפול בבעיות לב
אנלפריל	ENALAPRIL	ENALAPRIL	מותר להתרים אם לחץ הדם מאוזן	טיפול ביתר לחץ דם
אנלפריל	ENALAPRIL	ENALAPRIL	אסור להתרים	טיפול בבעיות לב
אנציפלמד	ENCYPALMED	PANCREATIN, OX BILE OIL	מותר להתרים אם אין עדות לדלקת חריפה	טיפול באי נוחות במע' העיכול/גזים
אסאקול	ASACOL	MESALAZINE	אסור להתרים	טיפול במחלת קרוהן ואולצרטיב קוליטיס
אסברייט	ESBRIET	PIRFENIDONE	אסור להתרים	טיפול במחלה ריאתית פיברוטית
אסומפראזול	ESOMEPRAZOLE	ESOMEPRAZOLE	מותר להתרים אם אין עדות לדימום והמוגלובין תקין	טיפול בכיב קיבה, רפלוקס, הליקובקטר
אסופרים	ESOPRIM	ESOMEPRAZOLE	מותר להתרים אם אין עדות לדימום והמוגלובין תקין	טיפול בכיב קיבה, רפלוקס, הליקובקטר
אסטו	ESTO	ESCITALOPRAM	מותר להתרים	טיפול בדיכאון
אסטל	ESTELLE	CYPROTERONE, ETHINYLESTRADIOL	מותר להתרים	טיפול הורמונלי
אסטרופם	ESTROFEM	ESTRADIOL	מותר להתרים	טיפול הורמונלי
אסיוול	ASSIVAL	DIAZEPAM	מותר להתרים	טיפול במצבי חרדה
אספירין קרדיו	ASPIRIN CARDIO	ACETYL SALICYLIC ACID	בהתאם למחלה/מצב רפואי, לא לטרומבוציטים, אם קיבל במשך 3 ימים אחרונים	לדילול דם
אספירין	ASPIRIN	ACETYL SALICYLIC ACID	מותר להתרים. לא לטרומבוציטים, אם קיבל במשך 3 ימים אחרונים	נגד כאבים
אספירין	ASPIRIN	ACETYL SALICYLIC ACID	מותר להתרים לאחר החלמה. לא לטרומבוציטים, אם קיבל במשך 3 ימים אחרונים	נגד חום
אספירין	ASPIRIN	ACETYL SALICYLIC ACID	בהתאם למחלה/מצב רפואי, לא לטרומבוציטים, אם קיבל במשך 3 ימים אחרונים	לדילול דם
אספירין	ASPIRIN	ACETYL SALICYLIC ACID	אסור להתרים	לטיפול בדלקת ראומטית
אסציטאלופרם	ESCITALOPRAM	ESCITALOPRAM	מותר להתרים. יש לוודא שתורם במצב נפשי תקין ובא לתרום מרצונו	טיפול בדיכאון
אסקזול	ESKAZOLE	ALBENDAZOLE	אסור להתרים	טיפול באכינוקוקוס
אסריל	ACERIL	CAPTOPRIL	מותר להתרים אם לחץ הדם מאוזן	טיפול ביתר לחץ דם
אסריל	ACERIL	CAPTOPRIL	אסור להתרים	טיפול בבעיות לב או נפרופתיה סוכרתית
אפטרבי	UPTRAVI	SELEXIPAG	אסור להתרים	לטיפול  בלחצ דם ריאתי גבוה
אפידרה	APIDRA	INSULIN	אסור להתרים	טיפול בסכרת
אפלרנון	EPLERENONE	EPLERENONE	אסור להתרים	טיפול באי ספיקת לב
אפנוטין	EPANUTIN	PHENYTOIN	אסור להתרים	טיפול באפילפסיה
אפקסור	EFEXOR	VENLAFAXINE	מותר להתרים. יש לוודא שתורם במצב נפשי תקין ובא לתרום מרצונו	טיפול בדיכאון
אפרמול	EFFERAMOL	PARACETAMOL	מותר להתרים	נגד כאבים
אפרמול	EFFERAMOL	PARACETAMOL	מותר להתרים לאחר החלמה	נגד חום
אצטוסאל	ACETOSAL	ACETYL SALICYLIC ACID	מותר להתרים לאחר החלמה. לא לטרומבוציטים, אם קיבל במשך 3 ימים אחרונים	נגד חום
אצטוסאל	ACETOSAL	ACETYL SALICYLIC ACID	מותר להתרים. לא לטרומבוציטים, אם קיבל במשך 3 ימים אחרונים	נגד כאבים
אצטוסאל	ACETOSAL	ACETYL SALICYLIC ACID	אסור להתרים	לטיפול בדלקת ראומטית
אציקלו-וי	ACYCLO-V	ACYCLOVIR	מותר להתרים  לאחר החלמה (ראה הנחיות)	טיפול בהרפס
אציקלו-וי	ACYCLO-V	ACYCLOVIR	מותר להתרים	טיפול מניעתי נגד הרפס
אקטונל	ACTONEL	RISEDRONIC ACID	מותר להתרים	טיפול באוסטאופורוזיס
אקטוס	ACTOS	PIOGLITAZONE	מותר להתרים אם סכרת מאוזנת	טיפול בסכרת
אקטיבל	ACTIVELLE	Norethisterone& Estradiol	מותר להתרים	טיפול הורמונלי בגיל המעבר (HRT)
אקטיפרין	AKTIFERRIN	FERROUS SULPHATE	מותר להתרים אם לא נלקח לתיקון אנמיה/ חסר ברזל והמוגלובין תקין	טיפול בחוסר ברזל ואנמיה
אקטמרה	ACTEMRA	TOCILIZUMAB	אסור להתרים	טיפול אימונוסופרסיבי לדלקת פרקים פעילה
אקטרפיד	ACTRAPID	INSULIN	אסור להתרים	טיפול בסכרת
אקלירה ג'נואייר	EKLIRA GENUAIR	ACLIDINIUM	מותר להתרים אם אין קוצר נשימה במאמץ קל ו/או מחלה חריפה	טיפול ב COPD
אקלסטה	ACLASTA	ZOLEDRONIC ACID	מותר להתרים	טיפול באוסטאופורוזיס
אקמול	ACAMOL	PARACETAMOL	מותר להתרים	נגד כאבים
אקמול	ACAMOL	PARACETAMOL	מותר להתרים לאחר החלמה	נגד חום
אקמול פוקוס	ACAMOL FOCUS	PARACETAMOL, CAFFEINE, ACETYL SALICILIC ACID	מותר להתרים לאחר החלמה. לא לטרומבוציטים, אם קיבל במשך 3 ימים אחרונים	נגד חום וצינון
אקמול פוקוס	ACAMOL FOCUS	PARACETAMOL, CAFFEINE, ACETYL SALICILIC ACID	מותר להתרים. לא לטרומבוציטים, אם קיבל במשך 3 ימים אחרונים	נגד כאבים
אקסדרין	EXCEDRIN	ACETYL SALICYLIC ACID CAFFEINE , PARACETAMOL	מותר להתרים לאחר החלמה. לא לטרומבוציטים, אם קיבל במשך 3 ימים אחרונים	נגד חום
אקסדרין	EXCEDRIN	ACETYL SALICYLIC ACID CAFFEINE , PARACETAMOL	מותר להתרים. לא לטרומבוציטים, אם קיבל במשך 3 ימים אחרונים	נגד כאבים
אקסידול	EXIDOL	ACETYL SALICYLIC ACID CAFFEINE , PARACETAMOL	מותר להתרים לאחר החלמה. לא לטרומבוציטים, אם קיבל במשך 3 ימים אחרונים	נגד חום
אקסידול	EXIDOL	ACETYL SALICYLIC ACID CAFFEINE , PARACETAMOL	מותר להתרים. לא לטרומבוציטים, אם קיבל במשך 3 ימים אחרונים	נגד כאבים
אקספורג'	EXFORGE	AMLODIPINE, VALSARTAN	מותר להתרים אם לחץ הדם מאוזן	טיפול ביתר לחץ דם
אקרוז	ACROSE	ACARBOSE	מותר להתרים אם סכרת מאוזנת	טיפול בסכרת
ארדוטין	ERDOTIN	ERDOSTEINE	מותר להתרים לאחר סיום הטיפול והחלמה	נגד שעול עם ליחה
ארטופן	ARTOFEN	IBUPROFEN	מותר להתרים. לא לטרומבוציטים, אם קיבל במשך 3 ימים אחרונים	נגד כאבים
ארטופן	ARTOFEN	IBUPROFEN	אסור להתרים אם דלקת חריפה, או דלקת כרונית פעילה	טיפול בדלקת
ארטריל	ARTHRYL	GLUCOSAMINE	מותר להתרים	טיפול באוסטאוארטריטיס
אריוס	AERIUS	DESLORATADINE	מותר להתרים	טיפול באלרגיה
אריפיפרזול	ARIPIPRAZOLE	ARIPIPRAZOLE	מותר להתרים. יש לוודא שתורם במצב נפשי תקין ובא לתרום מרצונו	טיפול בסכיזופרניה ובעיות נפשיות שונות
אריפלי	ARIPLY	ARIPIPRAZOLE	מותר להתרים. יש לוודא שתורם במצב נפשי תקין ובא לתרום מרצונו	טיפול בבעיות נפשיות
אריתרו טבע	ERYTHRO TEVA	ERYTHROMYCIN	מותר להתרים לאחר סיום הטיפול והחלמה מלאה בהתאם למחלה	אנטיביוטיקה
ארקו-טבע	ARCO-TEVA	ETORICOXIB	מותר להתרים. לא לטרומבוציטים, אם קיבל במשך 3 ימים אחרונים	טיפול נגד כאבים, בעיקר בעצמות ופרקים
ארקו-טבע	ARCO-TEVA	ETORICOXIB	אסור להתרים	טיפול בדלקת פרקים פעילה
ארקוקסיה	ARCOXIA	ETORICOXIB	מותר להתרים. לא לטרומבוציטים, אם קיבל במשך 3 ימים אחרונים	טיפול נגד כאבים, בעיקר בעצמות ופרקים
ארקוקסיה	ARCOXIA	ETORICOXIB	אסור להתרים	טיפול בדלקת פרקים פעילה
בדודקה	BEDODEKA	B 12	מותר להתרים בהתאם להנחיות רפואיות (ראה חוסר B12)	זריקות טיפול בחוסר B12
בודיקורט - משאף	BUDICORT	BUDESONIDE	מותר להתרים בהתאם להנחיות רפואיות (ראה אסטמה)	טיפול באסטמה
בודסון	BUDESON	BUDESONIDE	אסור להתרים	טיםול בקוליטיס,מחלת קרוהן ודלקת  כבד אוטואימונית
בודסוניד משאף	BUDESONIDE	BUDESONIDE	מותר להתרים בהתאם להנחיות רפואיות (ראה אסטמה)	טיפול באסטמה
בוטרנס	BUTRANS	BUPRENORPHINE	בהתאם לסיבת הטיפול ובמצבו של התורם	נגד כאב, טיפול חלופי לתלות באופיאטים
בונדורמין	BONDORMIN	BROTIZOLAM	מותר להתרים	טיפול בהפרעות שינה
בונסרין	BONSERIN	MIANSERIN	מותר להתרים	טיפול בדיכאון
בוסנטן	BOSENTAN	BOSENTAN	אסור להתרים	טיפול בטרשת מערכתית, יתר לחצ דם ריאתי
בזפיברט	BEZAFIBRATE	BEZAFIBRATE	מותר להתרים	טיפול בעודף כולסטרול בדם
בטאהיסטין	BETAHISTINE	BETAHISTINE	מותר להתרים אם אין סחרחורת ביום התרומה	טיפול במחלת מנייר
בטאהיסטין	BETAHISTINE	BETAHISTINE	מותר להתרים לאחר החלמה	טיפול בורטיגו
בטיסטין	BETISTINE	BETAHISTINE	מותר להתרים אם אין סחרחורת ביום התרומה	טיפול במחלת מנייר
בטיסטין	BETISTINE	BETAHISTINE	מותר להתרים לאחר החלמה	טיפול בורטיגו
בטמיגה	BETMIGA	MIRABEGRON	מותר להתרים	טיפול בדחיפות במתן שתן
בטנזול	BETNESOL	BETAMETHASONE	אסור להתרים במהלך הטיפול,לתרומות עתידיות לפנות לסמכות רפואית	טיפול במחלות אוטואימוניות, התקפי אסטמה/ אלרגיה
בטרן	BETAREN	DICLOFENAC	מותר להתרים. לא לטרומבוציטים, אם קיבל במשך 3 ימים אחרונים	נגד כאבים
בטרן	BETAREN	DICLOFENAC	אסור להתרים אם דלקת חריפה, או דלקת כרונית פעילה	טיפול בדלקת
בי-און	B-ON	VARDENAFIL	מותר להתרים	טיפול בהפרעה בזיקפה
ביאוביו	BEOVU	BROLUCIZUMAB	מותר לתרום שבוע לאחר הזריקה	טיפול בניוון מקולרי גילי
ביודרוקסיל	BIODROXIL	CEFADROXIL	מותר להתרים לאחר סיום הטיפול והחלמה מלאה בהתאם למחלה	אנטיביוטיקה
ביטני X	BITNI X	BISMUTH SALICILATE	מותר להתרים אם אין עדות לגסטרואנטריטיס חריפה	טיפול בשלשול חד פעמי, בחילה, אי נוחות במע' העיכול
ביידוריון	BYDUREON	EXENATIDE	מותר להתרים אם סכרת מאוזנת ועברו 24 שעות לאחר הזרקה	טיפול בסכרת
בילקסטן	BILAXTEN	BILASTINE	מותר להתרים	טיפול באלרגיה
בינוסטו	BINOSTO	ALENDRONIC ACID	מותר להתרים	טיפול באוסטאופורוזיס
ביסופרולול	BISOPROLOL	BISOPROLOL	מותר להתרים אם לחץ הדם מאוזן ודופק מעל 70 לדקה	טיפול ביתר לחץ דם
ביסופרולול	BISOPROLOL	BISOPROLOL	אסור להתרים	טיפול בבעיות לב
ביקאלוטמיד	BICALUTAMIDE	BICALUTAMIDE	אסור להתרים	טיפול בסרטן פרוסטטה
בלארה	BELARA	CHLORMADINONE, ETHYNILESTRADIOL	מותר להתרים	גלולות נגד כניסה להריון
בנליסטה	BENLYSTA	BELIMUMAB	אסור להתרים	טיפול בזאבת (לופוס)
בסגלר	BASAGLAR	INSULIN	אסור להתרים	טיפול בסכרת
בקוניס	BEKUNIS	SENNA	מותר להתרים	נגד עצירות
בקלוסל	BACLOSAL	BACLOFEN	יש לפנות לסמכות רפואית	טיפול בעוויתות והתכווצויות שרירים
ברוטיזולאם	BROTIZOLAM	BROTIZOLAM	מותר להתרים	טיפול בהפרעות שינה
ברונכולט	BRONCHOLATE SYRUP	PSEUDOEPHEDRINE, DIPHENHYDRAMINE	מותר להתרים לאחר סיום הטיפול והחלמה	נגד  שיעול
ברונכיקליר	BRONCHICLEAR	HERB. EXTRACTS	מותר להתרים לאחר סיום הטיפול והחלמה	נגד שיעול וליחה
בריביאקט	BRIVIACT	BRIVARACETAM	אסור להתרים	טיפול באפילפסיה
ברילינטה	BRILINTA	TICAGRELOR	לפנות לסמכות רפואית .לא לטרומבוציטים	לדילול דם
ברינטליקס	BRINTELLIX	VORTIOXETINE	מותר להתרים. יש לוודא שתורם במצב נפשי תקין ובא לתרום מרצונו	טיפול בבעיות נפשיות
בריקלין	BRICALIN	TERBUTALINE	מותר להתרים בהתאם להנחיות רפואיות (ראה אסטמה/ ברונכיטיס)	טיפול באסטמה/ ברונכיטיס כרונית
בריקלין	BRICALIN	TERBUTALINE	אסור להתרים	טיפול באמפיזמה
ברנזיס	BRENZYS	ETANERCEPT	אסור להתרים	טיפול אימונוסופרסיבי
ברקסין	BREXIN	PIROXICAM	מותר להתרים. לא לטרומבוציטים, אם קיבל במשך 3 ימים אחרונים	נגד כאבים
ברקסין	BREXIN	PIROXICAM	אסור להתרים אם דלקת חריפה, או דלקת כרונית פעילה	טיפול בדלקת פרקים
ג'ארדיאנס	JARDIANCE	EMPAGLIFZOLIN	מותר להתרים אם סכרת מאוזנת	טיפול בסכרת
ג'נואט	JANUET	METFORMIN, SITAGLIPTIN	מותר להתרים אם סכרת מאוזנת	טיפול בסכרת
ג'נוביה	JANUVIA	SITAGLIPTIN	מותר להתרים אם סכרת מאוזנת	טיפול בסכרת
ג'קאבי	JAKAVI	RUXOLITINIB	אסור להתרים	טיפול במחלות המטולוגיות
גאבאפנטין	GABAPENTIN	GABAPENTIN	אסור להתרים	טיפול באפילפסיה
גאבאפנטין	GABAPENTIN	GABAPENTIN	לפנות לבירור לסמכות רפואית	טיפול בכאב נוירופטי
גאודון	GEODON	ZIPRASIDONE	מותר להתרים. יש לוודא שתורם במצב נפשי תקין ובא לתרום מרצונו	טיפול בבעיות נפשיות
גאלבוס	GALVUS	VIDAGLIPTIN	מותר להתרים אם סכרת מאוזנת	טיפול בסכרת
גאסטרו	GASTRO	FAMOTIDINE	מותר להתרים אם אין עדות לדימום והמוגלובין תקין	טיפול בכיב קיבה או תריסריון, רפלוקס
גביסקון	GAVISCON	ALGINIC ACUD	מותר להתרים	טיפול ברפלוקס קיבה-ושת וצרבת
גודמד	GODAMED	ACETYL SALICYLIC ACID	בהתאם למחלה/מצב רפואי, לא לטרומבוציטים, אם קיבל במשך 3 ימים אחרונים	לדילול דם
גילניה	GILENYA	FINGOLIMOD	אסור להתרים	טיפול בטרשת נפוצה
גילקס	GILEX	DOXEPINE	מותר להתרים. יש לוודא שתורם במצב נפשי תקין ובא לתרום מרצונו	טיפול בדיכאון ומצבי חרדה
גינרה	GYNERA	GESTODENE, ETHINYLESTRADIOL	מותר להתרים	גלולות למניעת הריון
גלובן	GLUBEN	GLIBENCLAMIDE	מותר להתרים אם סכרת מאוזנת	טיפול בסכרת
גלוקו-רייט	GLUCO-RITE	GLIPIZIDE	מותר להתרים אם סכרת מאוזנת	טיפול בסכרת
גלוקומין	GLUCOMIN	METFORMIN	מותר להתרים אם סכרת מאוזנת	טיפול בסכרת
גלימפירייד	GLIMEPIRIDE	GLIMEPIRIDE	מותר להתרים אם סכרת מאוזנת	טיפול בסכרת
גליקסמבי	GLYXAMBI	EMPAGLIFLOZIN, LINAGLIPTIN	מותר להתרים אם סכרת מאוזנת	טיפול בסכרת
גרמזה פירין	GRAMSE PIRIN	ACETYL SALICYLIC ACID	מותר להתרים לאחר החלמה. לא לטרומבוציטים, אם קיבל במשך 3 ימים אחרונים	נגד חום
גרמזה פירין	GRAMSE PIRIN	ACETYL SALICYLIC ACID	מותר להתרים. לא לטרומבוציטים, אם קיבל במשך 3 ימים אחרונים	נגד כאבים
דאלאצין	DALACIN	CLINDAMYCIN	מותר להתרים לאחר סיום הטיפול והחלמה מלאה בהתאם למחלה	אנטיביוטיקה
דואודופה	DUODOPA	CARBIDOPA, LEVODOPA	מותר להתרים בהתאם למצבו התורם	טיפול במחלת פרקינסון
דואודרט	DUODART	DUTASTERIDE, TAMSULOSIN	מותר להתרים 6 חודשים לאחר סיום הטיפול	טיפול בהגדלת הפרוסטטה שפירה
דואקליר ג'נואייר	DUAKLIR GENUAIR	ACLIDINIUM, FORMOTEROL	מותר להתרים אם אין קוצר נשימה במאמץ קל ו/או מחלה חריפה	טיפול ב COPD
דוטאסטמד	DUTASTAMED	DUTASTERIDE	מותר להתרים 6 חודשים לאחר סיום הטיפול	טיפול בהגדלת הפרוסטטה שפירה
דוטסטריד	DUTASTERIDE	DUTASTERIDE	מותר להתרים 6 חודשים לאחר סיום הטיפול	טיפול בהגדלת הפרוסטטה שפירה
דולוקס	DULOX	DULOXETINE	מותר להתרים בהתאם למצבו התורם	טיפול בבעיות נפשיות, כאבי שרירים מסיבות שונות
דולוקסטין	DULOXETINE	DULOXETINE	מותר להתרים בהתאם למצבו התורם	טיפול בבעיות נפשיות, כאבי שרירים מסיבות שונות
דוסטינקס	DOSTINEX	CABERGOLINE	יש לפנות לסמכות רפואית	להפחתה  טיפול רמת פרולקטין גבוה
דופיקסנט	DUPIXENT	DUPILUMAB	מותר להתרים אם אין פצעים פתוחים	טיפול באטופיק דרמטיטיס קשה
דופיקר	DOPICAR	CARBIDOPA, LEVODOPA	מותר להתרים בהתאם למצבו התורם	טיפול במחלת פרקינסון
דופלקס	DUPLEX	AMLODIPINE, VALSARTAN	מותר להתרים אם לחץ הדם מאוזן	טיפול ביתר לחץ דם
דופסטון	DUPHASTON	DYDROGESTERONE	מותר להתרים	טיפול הורמונלי
דוקסי	DOXY	DOXYCYCLINE	מותר להתרים לאחר סיום הטיפול והחלמה מלאה בהתאם למחלה	אנטיביוטיקה
דוקסילין	DOXYLIN	DOXYCYCLINE	מותר להתרים לאחר סיום הטיפול והחלמה מלאה בהתאם למחלה	אנטיביוטיקה
דטרוסיטול	DETRUSITOL	TOLTERODINE	מותר להתרים	טיפול בבריחת שתן
דיאמילה	DIAMILLA	DESOGESTREL	מותר להתרים	גלולות למניעת הריון
דיאנה	DIANE	CYPROTERONE, ETHINYLESTRADIOL	מותר להתרים בהתאם להנחיות רפואיות לאקנה	טיפול הורמונלי לאקנה
דיאסרין	DIACEREIN	DIACEREIN	מותר להתרים	טיפול באוסטיאוארטריטיס
דיאתרים	DIATRIM	DIACEREIN	מותר להתרים	טיפול באוסטיאוארטריטיס
דיבנילין	DIBENYLINE	PHENOXYBENZAMINE	אסור להתרים	טיפול בפאוכרומוציטומה
דיבנילין	DIBENYLINE	PHENOXYBENZAMINE	מותר להתרים	טיפול בהגדלת הפרוסטטה שפירה
דיגוקסין	DIGOXIN	DIGOXIN	אסור להתרים	טיפול בבעיות לב
דיובאן	DIOVAN	VALSARTAN	מותר להתרים אם לחץ הדם מאוזן	טיפול ביתר לחץ דם
דיובאן	DIOVAN	VALSARTAN	אסור להתרים	טיפול בבעיות לב
דיזותיאזיד	DISOTHIAZIDE	HYDROCHLOROTHIAZIDE	מותר להתרים אם לחץ הדם מאוזן	טיפול ביתר לחץ דם
דילאטם	DILATAM	DILTIAZEM	אסור להתרים	טיפול בבעיות לב
דילאטם	DILATAM	DILTIAZEM	מותר להתרים אם לחץ הדם מאוזן	טיפול ביתר לחץ דם
דילטיאזם	DILTIAZEM	DILTIAZEM	אסור להתרים	טיפול בבעיות לב
דילנטין	DILANTIN	PHENYTOIN	אסור להתרים	נגד התקווצויות
דיספטיל	DISEPTYL	SULPHAMETHOXAZOLE TRIMETHOPRIM	מותר להתרים לאחר סיום הטיפול והחלמה מלאה בהתאם למחלה	טיפול אנטיבקטריאלי
דיפרוספאן	DIPROSPAN	BETAMETHASONE	אסור להתרים במהלך הטיפול,לתרומות עתידיות לפנות לסמכות רפואית	טיפול במחלות אוטואימוניות, התקפי אסטמה/ אלרגיה
דלירספ	DALIRESP	ROFLUMILAST	מותר להתרים אם אין קוצר נשימה במאמץ קל ו/או מחלה חריפה	לטיפול ב COPD קשה
דנול	DANOL	DANAZOL	מותר להתרים בהתאם למחלה/ מצב רפואי	טיפול באנדומטריוזיס, שחלות פוליציסטיות, אניגיודמה ועוד
דנלון	DANALONE	PREDNISOLONE	אסור להתרים	טיפול במחלות אוטואימוניות, בעיות אנדוקריניות, ממאירות
דס-לורטדים	DES-LORATADIM	DESLORATADINE	מותר להתרים	נגד אלרגיה
דסלורטדין	DESLORATADINE	DESLORATADINE	מותר להתרים	נגד אלרגיה
דסמופרסין	DESMOPRESSIN	DESMOPRESSIN	אסור להתרים	טיפול בסכרת תפלה
דסמופרסין	DESMOPRESSIN	DESMOPRESSIN	מותר להתרים	טיפול בהרתבת לילה
דפלפט	DEPALEPT	SODIUM VALPROATE	אסור להתרים	טיפול באפילפסיה
דפלפט	DEPALEPT	SODIUM VALPROATE	מותר להתרים. יש לוודא שתורם במצב נפשי תקין ובא לתרום מרצונו	טיפול בבעיות נפשיות
דפרקסן	DEPREXAN	DESIPRAMINE	מותר להתרים. יש לוודא שתורם במצב נפשי תקין ובא לתרום מרצונו	טיפול בדיכאון
דקינט	DEKINET	BIPERIDEN	מותר להתרים בהתאם למצבו התורם	טיפול במחלת פרקינסון
דקסילנט	DEXILANT	DEXLANSOPRAZOLE	מותר להתרים	טיפול במחלת ריפלוקס קיבתי-ושתי
דקסימון	DEXIMUNE	CICLOSPORIN	אסור להתרים	מדכא מערכת החיסונית
דקסמול	DEXAMOL	PARACETAMOL	מותר להתרים	נגד כאבים
דקסמול	DEXAMOL	PARACETAMOL	מותר להתרים לאחר החלמה	נגד חום
דקסמטזון	DEXAMETHASONE	DEXAMETHASONE	אסור להתרים במהלך הטיפול,לתרומות עתידיות לפנות לסמכות רפואית	טיפול במחלות אוטואימוניות, התקפי אסטמה/ אלרגיה
דרלין	DERALIN	PROPRANOLOL	מותר להתרים אם לחץ הדם מאוזן ודופק מעל 70 לדקה	טיפול ביתר לחץ דם
דרלין	DERALIN	PROPRANOLOL	לפנות לסמכות רפואית	טיפול בבעיות לב/ קצב לב מהיר בפעילות יתר של בלותת התריס
דרלין	DERALIN	PROPRANOLOL	מותר להתרים בהתאם למחלה/ מצב רפואי. יש לבדוק דופק	טיפול בתנועות בלתי רצוניות/ רעד
דרלין	DERALIN	PROPRANOLOL	מותר להתרים. יש לבדוק דופק	למניעת התקפי מיגרנה
הומולין	HUMULIN	INSULIN	אסור להתרים	טיפול בסכרת
הומלוג	HUMALOG	INSULIN	אסור להתרים	טיפול בסכרת
הידרוקורטיזון	HYDROCORTISONE	HYDROCORTISONE	אסור להתרים במהלך הטיפול,לתרומות עתידיות לפנות לסמכות רפואית	טיפול במחלות אוטואימוניות, התקפי אסטמה/ אלרגיה
היטרין	HYTRIN	TERAZOSIN	מותר להתרים אם לחץ הדם מאוזן	טיפול ביתר לחץ דם
היטרין	HYTRIN	TERAZOSIN	מותר להתרים	טיפול בהגדלת פרוסטטה שפירה
היסטדקס	HISTADEX	PSEUDOEPHEDRINE, DEXCHLORPHENIRAMINE	מותר להתרים	טיפול באלרגיה
היסטזין	HISTAZINE	CETIRIZINE	מותר להתרים	טיפול באלרגיה
היסטפד	HISTAFED	PSEUDOEPHEDRINE, TRIPROLIDINE	מותר להתרים	טיפול באלרגיה/נזלת
היסטפד סירופ	HISTAFED SYRUP	PSEUDOEPHEDRINE, TRIPROLIDINE, CODEINE/GUAIFENESINE	מותר להתרים לאחר החלמה	נגד שיעול, נזלת וגודש בדרכי הנשימה העליונות
היסינגלה	HYSINGLA	HYDROCODONE	אסור להתרים	טיפול בכאבים חזקים מאוד
היפנודורם	HYPNODORM	FLUNITRAZEPAM	מותר להתרים	טיפול בהפרעות שינה
הלדול	HALDOL	HALOPERIDOL	מותר להתרים	טיפול בתסמונת טורט
הלדול	HALDOL	HALOPERIDOL	לפנות לבירור לסמכות רפואית	טיפול בבעיות נפשיות
הלופר	HALOPER	HALOPERIDOL	מותר להתרים	טיפול בתסמונת טורט
הלופר	HALOPER	HALOPERIDOL	לפנות לבירור לסמכות רפואית	טיפול בבעיות נפשיות
הקסקפרון	HEXAKAPRON	TRANEXAMIC ACID	מותר להתרים	טיפול בנטייה לדימום
הרמונט	HARMONET	GESTODENE, ETHINYLESTRADIOL	מותר להתרים	גלולות למניעת הריון
ואבן	VABEN	OXAZEPAM	מותר להתרים	טיפול בחרדה
ואלסרטו	VALSARTAN	VALSARTAN	מותר להתרים אם לחצ דם מאוזן	טיפול ביתר לחץ דם
וארדנאפיל	VARDENAFIL	VARDENAFIL	מותר להתרים	טיפול בהפרעה בזיקפה
ווזודיפ	VASODIP	LERCANIDIPINE	מותר להתרים אם לחץ הדם מאוזן	טיפול ביתר לחץ דם
וולבוטרין	WELLBUTRIN	BUPROPION	מותר להתרים. יש לוודא שתורם במצב נפשי תקין ובא לתרום מרצונו	טיפול בדיקאון
וולטרן	VOLTAREN	DICLOFENAC	אסור להתרים אם דלקת חריפה, או דלקת כרונית פעילה	טיפול בדלקת
וולטרן	VOLTAREN	DICLOFENAC	מותר להתרים. לא לטרומבוציטים, אם קיבל במשך 3 ימים אחרונים	נגד כאבים
ווליבריס	VOLIBRIS	AMBRISENTAN	אסור להתרים	טיפול ביתר לחץ דם בעורק ריאתי
וונלה	VENLA	VENLAFAXINE	מותר להתרים	טיפול בדיכאון
וזודיפ קומבו	VASODIP COMBO	ENALAPRIL, LERCANIDIPINE	מותר להתרים אם לחץ הדם מאוזן	טיפול ביתר לחץ דם
ויאגרה	VIAGRA	SILDENAFIL	מותר להתרים 12 שעות לאחר הטיפול	טיפול בבעיות זקפה
ויה-אבניר	VIA-AVENIR	SILDENAFIL	מותר להתרים 12 שעות לאחר הטיפול	טיפול בבעיות זקפה
ויואנס	VYVANSE	LISDEXAMFETAMINE	מותר להתרים	טיפול בהפרעות קשב ופעלתנות יתר (ADHD)
ויזאבל	VISABELLE	DIENOGEST	מותר להתרים	טיפול באנדומטריוזיס
וימפט	VIMPAT	LACOSAMIDE	אסור להתרים	טיפול באפילפסיה
ויפאקס	VIEPAX	VENLAFAXINE	מותר להתרים	טיפול בדיכאון
ויפריב	VPRIV	VELAGLUCERASE ALFA	אסור להתרים	טיפול במחלת גושה
ויקטוזה	VICTOZA	LIRAGLUTIDE	מותר להתרים 24 שעות לאחר הזריקה	טיפול בסכרת
ולטרקס	VALTREX	VALCICLOVIR	מותר להתרים	טיפול מניעתי נגד הרפס
ולטרקס	VALTREX	VALCICLOVIR	מותר להתרים  לאחר החלמה (ראה הנחיות)	טיפול בהרפס
ולפורל	VALPORAL	VALPROIC ACID	אסור להתרים	טיפול באפילפסיה
ולציקלוביר	VALACICLOVIR	VALACICLOVIR	מותר להתרים  לאחר החלמה (ראה הנחיות)	טיפול  בהרפס
ונורוטון	VENORUTON	MONOXERUTIN	מותר להתרים	טיפול בדליות ברגליים
ונטויס	VENTAVIS	ILOPROST	אסור להתרים	לטיפול  בלחצ דם ריאתי גבוה
ונטולין	VENTOLIN	SALBUTAMOL	מותר להתרים בהתאם להנחיות רפואיות (ראה אסטמה/ ברונכיטיס)	טיפול באסטמה/ ברונכיטיס כרונית
ונטולין	VENTOLIN	SALBUTAMOL	אסור להתרים	טיפול באמפיזמה
ונלפאקסין	VENLAFAXINE	VENLAFAXINE	מותר להתרים	טיפול בדיכאון
וסיקר	VESICARE	SOLIFENACIN	מותר להתרים אם אין עדות/חשד לדלקת	טיפול בשלפוחית שתן רגיזה
וקטור	VECTOR	VALSARTAN	מותר להתרים אם לחץ הדם מאוזן	טיפול ביתר לחץ דם
וקטור	VECTOR	VALSARTAN	אסור להתרים	טיפול בבעיות לב
ורמוקס	VERMOX	MEBENDAZOLE	מותר להתרים שבוע לאחר החלמה	טיפול בתולעים
ורפרס	VERAPRESS	VERAPAMIL	מותר להתרים אם לחץ הדם מאוזן	טיפול ביתר לחץ דם
ורפרס	VERAPRESS	VERAPAMIL	אסור להתרים	טיפול בבעיות לב
זאלדיאר	ZALDIAR	PARACETAMOL, TRAMADOL	מותר להתרים לכאבים אורטופדיים (פריצת דיסק, כאבי גב) במידה וסיבה לא מונעת מתרומה	נגד כאבים
זאפה	ZAPPA	OLANZAPINE	מותר להתרים. יש לוודא שתורם במצב נפשי תקין ובא לתרום מרצונו	טיפול בבעיות נפשיות
זבסקה	ZAVESCA	MIGLUSTAT	אסור להתרים	טיפול במחלת גושה
זואלי	ZOELY	ESTRADIOL, NOMEGESTROL	מותר להתרים	למניעת הריון
זובירקס	ZOVIRAX	ACYCLOVIR	מותר להתרים	טיפול מניעתי נגד הרפס
זובירקס	ZOVIRAX	ACYCLOVIR	מותר להתרים  לאחר החלמה (ראה הנחיות)	טיפול בהרפס
זודורם	ZODORM	ZOLPIDEM	מותר להתרים	טיפול בהפרעות שינה
זולאייר	XOLAIR	OMALIZUMAB	כפוף לחומרת המחלה, לפנות לבירור סמכות רפואית	טיפול באסטמה אלרגית / אורטיקריה
זולטופיי	XULTOPHY	LIRAGLUTIDE, INSULIN	מותר להתרים אם סכרת מאוזנת ועברו 24 שעות לאחר הזרקה	טיפול בסכרת
זומיג	ZOMIG	ZOLMITRIPTAN	מותר להתרים 24 שעות לאחר ההתקף	טיפול בהתקפי מיגרנה
זופיקלון	ZOPICLONE	ZOPICLONE	מותר להתרים	טיפול בהפרעות שינה
זטו	ZETO	AZITHROMYCIN	מותר להתרים לאחר סיום הטיפול והחלמה מלאה בהתאם למחלה	אנטיביוטיקה
זיבן	ZYBAN	BUPROPION	מותר להתרים	להפסקת עישון
זילרג'י	ZYLLERGY	CETIRIZINE	מותר להתרים	טיפול באלרגיה
זינט	ZINNAT	CEFUROXIME	מותר להתרים לאחר סיום הטיפול והחלמה מלאה בהתאם למחלה	אנטיביוטיקה
זיפאדהרה	ZYPADHERA	OLANZAPINE	מותר להתרים. יש לוודא שתורם במצב נפשי תקין ובא לתרום מרצונו	טיפול בבעיות נפשיות
זיפרקסה	ZYPREXA	OLANZAPINE	מותר להתרים. יש לוודא שתורם במצב נפשי תקין ובא לתרום מרצונו	טיפול בבעיות נפשיות
זיראבוו	ZIRABEV	BEVACIZUMAB	אסור להתרים	טיפול במחלות ממאירות
חומצה פולית	FOLIC ACID	FOLIC ACID	מותר להתרים בהתאם למחלה/ מצב רפואי	טיפול באנמיה, טיפול מניעתי טרום ובמהלך הריון
טאבניק	TAVANIC	LEVOFLOXACIN	מותר להתרים לאחר סיום הטיפול והחלמה מלאה בהתאם למחלה	אנטיביוטיקה
טאדאייר	TADAIR	TADALAFIL	אסור להתרים	לטיפול  בלחצ דם ריאתי גבוה
טאדאליס	TADALIS	TADALAFIL	מותר להתרים	הפרעות בזקפה
טאדאם	TADAM	TADALAFIL	מותר להתרים	הפרעות בזקפה
טאלץ	TALTZ	IXEKIZUMAB	אסור להתרים	טיפול בפסוריאזיס קשה
טאקזירו	TAKHZYRO	LANADELUMAB	מותר להתרים אם לא היה קוצר נשימה בעבר ועברו 24 שעות ממועד הזריקה	למניעת התקפי אנגיואדמה
טבאלפא	TEVALFA	ALFACALCIDOL	מותר להתרים	טיפול באוסטאופורוזיס
טבליס	TAVALISSE	FOSTAMATINIB	אסור להתרים	טיפול בטרומבוציטופניה אימונית
טבעפירין	TEVAPIRIN	ACETYL SALICYLIC ACID	בהתאם למחלה/מצב רפואי, לא לטרומבוציטים, אם קיבל במשך 3 ימים אחרונים	דילול דם
טגיסון	TEGISON	ETRETINAT	אסור להתרים	טיפול בפסוריאזיס קשה
טגרטול	TEGRETOL	CARBAMAZEPINE	אסור להתרים	טיפול באפילפסיה, סכרת תפלה
טגרטול	TEGRETOL	CARBAMAZEPINE	מותר להתרים	טיפול בנוירלגיה טריג'מינל
טגרטול	TEGRETOL	CARBAMAZEPINE	מותר להתרים. יש לוודא שתורם במצב נפשי תקין ובא לתרום מרצונו	טיפול בבעיות נפשיות
טוביאז	TOVIAZ	FESOTERODINE	מותר להתרים אם אין עדות/חשד לדלקת	טיפול בדחיפות במתן שתן, בשלפוחית שתן רגיזה
טוגיאו	TOUJEO	INSULIN	אסור להתרים	טיפול בסוכרת
טולטרודין	TOLTERODINE	TOLTERODINE	מותר להתרים	טיפול בבריחת שתן
טונייט	TONIGHT	DOXYLAMINE	מותר להתרים	טיפול בהפרעות שינה
טופיראמט	TOPIRAMATE	TOPIRAMATE	אסור להתרים	טיפול באפילפסיה
טופיראמט	TOPIRAMATE	TOPIRAMATE	מותר להתרים	למניעת התקפי מיגרנה
טופיתרים	TOPITRIM	TOPIRAMATE	אסור להתרים	טיפול באפילפסיה
טופיתרים	TOPITRIM	TOPIRAMATE	מותר להתרים	למניעת התקפי מיגרנה
טופמקס	TOPAMAX	TOPIRAMATE	אסור להתרים	טיפול באפילפסיה
טופמקס	TOPAMAX	TOPIRAMATE	מותר להתרים	למניעת התקפי מיגרנה
טוקטינו	TOCTINO	ALITRETINOIN	מותר להתרים חודש לאחר סיום הטיפול	טיפול באקזמה קשה
טורבה	TORVA	ATORVASTATIN	מותר להתרים	טיפול בעודף כולסטרול בדם
טימוניל	TIMONIL	CARBAMAZEPINE	אסור להתרים	טיפול באפילפסיה, סכרת תפלה
טימוניל	TIMONIL	CARBAMAZEPINE	מותר להתרים	טיפול בנוירלגיה טריג'מינל
טימוניל	TIMONIL	CARBAMAZEPINE	מותר להתרים. יש לוודא שתורם במצב נפשי תקין ובא לתרום מרצונו	טיפול בבעיות נפשיות
טלפסט	TELFAST	FEXOFENADINE	מותר להתרים	טיפול באלרגיה
טמבוקור	TAMBOCOR	FLECAINIDE	אסור להתרים	טיפול בהפרעות קצב
טמוקסיפו	TAMOXIFEN	TAMOXIFEN	לפנות לסמכות רפואית	לטיפול בסרטן השד
טמיפלו	TAMIFLU	OSELTAMIVIR	מותר להתרים לאחר החלמה/ 3 ימים לאחר סיום טיפול	טיפול ומניעת שפעת
טמסולוסין	TAMSULOSIN	TAMSULOSIN	מותר להתרים	טיפול בהגדלת פרוסטטה שפירה
טמסולין	TAMSULIN	TAMSULOSIN	מותר להתרים	טיפול בהגדלת פרוסטטה שפירה
טנסופריל	TENSOPRIL	LISINOPRIL	אסור להתרים	טיפול בבעיות לב
טנסופריל	TENSOPRIL	LISINOPRIL	מותר להתרים אם לחץ הדם מאוזן	טיפול ביתר לחץ דם
טסלין	TESALIN	PETASINS	מותר להתרים	טיפול באלרגיה
טרבולין	TERBULIN	TERBUTALIN	מותר להתרים בהתאם להנחיות רפואיות (ראה אסטמה)	טיפול באסטמה
טרבינאפין	TERBINAFINE	TERBINAFINE	מותר להתרים	טיפול בפטרת בעור וציפורניים
טרג'נטה	TRAJENTA	LINAGLIPTIN	מותר להתרים אם סכרת מאוזנת	טיפול בסכרת
טרגין	TARGIN	NALOXONE, OXYCODONE	מותר להתרים לכאבים אורטופדיים (פריצת דיסק, כאבי גב) במידה וסיבה לא מונעת מתרומה	טיפול בכאבים חזקים
טרגלודק	TREGLUDEC	INSULIN	אסור להתרים	טיפול בסוכרת
טרובדה	TRUVADA	EMTRICITABINE, TENOFOVIR	אסור להתרים במהלך הטיפול	לטיפול ומניעת איידס
טרוויקטה	TREVICTA	PALIPERIDONE	מותר להתרים. יש לוודא שתורם במצב נפשי תקין ובא לתרום מרצונו	טיפול בבעיות נפשיות
טרוזה	TERROSA	TERIPARATIDE	מותר להתרים, אם עברו 24 שעות לאחר הזריקה	טיפול באוסטאופורוזיס
טרוליסיטי	TRULICITY	DULAGLUTIDE	מותר להתרים אם סכרת מאוזנת ועברו 24 שעות לאחר הזרקה	טיפול בסכרת
טרוסמוליט	TROSMOLYT	TROSPIUM	מותר להתרים	טיפול בשלפוחית רגיזה ובריחת שתן
טרוספס	TROSPAS	TROSPIUM	מותר להתרים	טיפול בשלפוחית רגיזה ובריחת שתן
טרזודיל	TRAZODIL	TRAZODONE	מותר להתרים	טיפול בדיכאון וחרדה
טרזוסין	TERAZOSIN	TERAZOSIN	מותר להתרים אם לחץ הדם מאוזן	טיפול ביתר לחץ דם
טרזוסין	TERAZOSIN	TERAZOSIN	מותר להתרים	טיפול בהגדלת פרוסטטה שפירה
טריאנטין	TRIENTINE	TRIENTINE	אסור להתרים	טיפול במחלת וילסון
טריבמין	TRIBEMIN	VITAMIN B12, B6, B1	מותר להתרים	תוסף מזון
טריבמין	TRIBEMIN	VITAMIN B12, B6, B1	לפנות לבירור לסמכות רפואית	טיפול בנוירופטיה
טריטייס	TRITACE	RAMIPRIL	מותר להתרים אם לחץ הדם מאוזן	טיפול ביתר לחץ דם
טריטייס	TRITACE	RAMIPRIL	אסור להתרים	טיפול בבעיות לב
טריל	TERIL	CARBAMAZEPINE	אסור להתרים	טיפול באפילפסיה/ סכרת תפלה
טריל	TERIL	CARBAMAZEPINE	מותר להתרים	טיפול בנוירלגיה טריג'מינל
טריל	TERIL	CARBAMAZEPINE	מותר להתרים. יש לוודא שתורם במצב נפשי תקין ובא לתרום מרצונו	טיפול בבעיות נפשיות
טרילפטין	TRILEPTIN	OXCARBAZEPINE	אסור להתרים	טיפול באפילפסיה/התכווצויות
טריפלונומיד	TERIFLUNOMIDE	TERIFLUNOMIDE	אסור להתרים	טיפול בטרשת נפוצה
טריפראטייד	TERIPARATIDE	TERIPARATIDE	מותר להתרים, אם עברו 24 שעות לאחר הזריקה	טיפול באוסטאופורוזיס
טריקאן	TRICAN	FLUCONAZOLE	מותר להתרים	טיפול בפטרת בעור, ציפורניים ונרתיק
טרלג'י אליפטה	TRELEGY ELLIPTA	VILANTEROL, UMECLIDINIUM, FLUTICASONE	אסור להתרים	טיפול תומך בברונכיטיס כרונית/ COPD/אמפיזמה
טרמדקס	TRAMADEX	TRAMADOL	מותר להתרים לכאבים אורטופדיים (פריצת דיסק, כאבי גב) במידה וסיבה לא מונעת מתרומה	נגד כאבים
טרמל	TRAMAL	TRAMADOL	מותר להתרים לכאבים אורטופדיים (פריצת דיסק, כאבי גב) במידה וסיבה לא מונעת מתרומה	נגד כאבים
טרמפיה	TREMFYA	GUSELKUMAB	אסור להתרים	טיפול בפסוריאזיס קשה
טרנדייט	TRANDATE	LABETALOL	מותר להתרים אם לחץ הדם מאוזן ודופק מעל 70 לדקה	טיפול ביתר לחץ דם
טרנקסל	TRANXAL	CLORAZEPATE	מותר להתרים	להרגעה
טרנקסל	TRANXAL	CLORAZEPATE	לפנות לסמכות רפואית	טיפול בבעיות נפשיות, גמילה מאלכוהול, התכווצויות
טרסנטאן	TRASENTAN	BOSENTAN	אסור להתרים	מחלות אוטואימוניות עם מעורבות ריאתית או כיבים בגפיים
טרקליר	TRACLEER	BOSENTAN	אסור להתרים	מחלות אוטואימוניות עם מעורבות ריאתית או כיבים בגפיים
יאז	YAZ	DROSPIRENONE, ETHYNILESTRADIOL	מותר להתרים	גלולות נגד כניסה להריון
יוטירוקס	EUTHYROX	LEVOTHYROXINE	מותר להתרים אם תיפקודי בלוטת התריס תקינים	טיפול בתת פעילות של בלוטת התריס
יומירה	HUMIRA	ADALIMUMAB	אסור להתרים	טיפול אימונוסופרסיבי
יוקריאס	EUCREAS	METFORMIN, VIDAGLIPTIN	מותר להתרים אם סכרת מאוזנת	טיפול בסכרת
יינטריב	YENTREVE	DULOXETINE	מותר להתרים אם אין עדות/חשד לדלקת	טיפול בבריחת שתן
יסמין	YASMIN	DROSPIRENONE, ETHYNILESTRADIOL	מותר להתרים	גלולות נגד כניסה להריון
כדורי ברזל	IRON TABLETS	FERROUS SULPHATE	מותר להתרים אם לא נלקח לתיקון אנמיה/חוסר ברזל והמוגלובין תקין	טיפול בחוסר ברזל ואנמיה
כולסטיד	COLESTID	COLESTIROL	מותר להתרים	טיפול בעודף כולסטרול בדם
לבו	LEVO	LEVOFLOXACIN	מותר להתרים לאחר סיום הטיפול והחלמה מלאה בהתאם למחלה	אנטיביוטיקה
לבטיראצטם	LEVETIRACETAM	LEVETIRACETAM	אסור להתרים	טיפול באפילפסיה
לבמיר	LEVEMIR	INSULIN	אסור להתרים	טיפול בסכרת
לוותרים	LEVETRIM	LEVETIRACETAM	אסור להתרים	טיפול באפילפסיה
לוזפין	LOZAPINE	CLOZAPINE	מותר להתרים. יש לוודא שהתורם במצב נפשי תקין ובא לתרום מרצונו	טיפול בבעיות נפשיות
לוטן	LOTAN	LOSARTAN	מותר להתרים אם לחץ הדם מאוזן	טיפול ביתר לחץ דם
לוטן	LOTAN	LOSARTAN	אסור להתרים	טיפול בבעיות לב
לויטרה	LEVITRA	VARDENAFIL	מותר להתרים 12 שעות לאחר הטיפול	טיפול בהפרעות זקפה
לוסטרל	LUSTRAL	SERTRALINE	מותר להתרים	טיפול בדיכאון
לוסנטיס	LUCENTIS	RANIBIZUMAB	לפנות לסמכות רפואית	טיפול בבעיות עיניים שונות
לוסק	LOSEC	OMEPRAZOLE	מותר להתרים אם אין עדות לדימום והמוגלובין תקין	טיפול בכיב קיבה או תריסריון, רפלוקס
לוסרדקס	LOSARDEX	LOSARTAN	מותר להתרים אם לחץ הדם מאוזן	טיפול ביתר לחץ דם
לוסרדקס	LOSARDEX	LOSARTAN	אסור להתרים	טיפול בבעיות לב
לוסרטה פלוס	LOSARTA PLUS	HYDROCHLOROTHIAZIDE, LOSARTAN	מותר להתרים אם לחץ הדם מאוזן	טיפול ביתר לחץ דם
לוסרטה פלוס	LOSARTA PLUS	HYDROCHLOROTHIAZIDE, LOSARTAN	אסור להתרים	טיפול בבעיות לב
לופי-קאר	LOPI-CARE	LOPERAMIDE	מותר להתרים שבוע לאחר החלמה	נגד שלשולים
לופמיד	LOPAMIDE	LOPERAMIDE	מותר להתרים שבוע לאחר החלמה	נגד שלשולים
לופריד	LOPERID	LOPERAMIDE	מותר להתרים שבוע לאחר החלמה	נגד שלשולים
לופרסור	LOPRESOR	METOPROLOL	אסור להתרים	טיפול בבעיות לב
לופרסור	LOPRESOR	METOPROLOL	מותר להתרים אם לחץ הדם מאוזן ודופק מעל 70 לדקה	טיפול ביתר לחץ דם
לורטדים	LORATADIM	LORATADINE	מותר להתרים	טיפול באלרגיה
לוריוון	LORIVAN	LORAZEPAM	מותר להתרים	טיפול בחרדה
לורמיד	LORAMIDE	LOPERAMIDE	מותר להתרים שבוע לאחר החלמה	נגד שלשולים
לורסטין	LORASTINE	LORATADINE	מותר להתרים	טיפול באלרגיה
לורתרים	LORATRIM	LORATADINE	מותר להתרים	טיפול  באלרגיה
ליויאל	LIVIAL	TIBOLONE	מותר להתרים	טיפול הורמונלי
ליורזל	LIORESAL	BACLOFEN	לפנות לבירור לסמכות רפואית	טיפול בקשיון בשרירים (ספסטיות)
ליטורבה	LITORVA	ATORVASTATIN	מותר להתרים	טיפול בעודף כולסטרול בדם
ליפיטור	LIPITOR	ATORVASTATIN	מותר להתרים	טיפול בעודף כולסטרול בדם
ליפנור	LIPANOR	CIPROFIBRATE	מותר להתרים	טיפול בעודף כולסטרול בדם
ליקארביום	LICARBIUM	LITHIUM	מותר להתרים. יש לוודא שתורם במצב נפשי תקין ובא לתרום מרצונו	טיפול בבעיות נפשיות
ליקסומיה	LYXUMIA	LIXISENATIDE	מותר להתרים אם סכרת מאוזנת ועברו 24 שעות לאחר הזרקה	טיפול בסכרת
לירינל	LYRINEL	OXYBUTYNIN	מותר להתרים	טיפול בתסמינים של כיס שתן נוירוגני
ליריקה	LYRICA	PREGABALIN	לפנות לבירור לסמכות רפואית	טיפול בכאב נוירופטי
למוג'ין	LAMOGINE	LAMOTRIGINE	אסור להתרים	טיפול באפילפסיה
למוג'ין	LAMOGINE	LAMOTRIGINE	מותר להתרים. יש לוודא שתורם במצב נפשי תקין ובא לתרום מרצונו	טיפול בבעיות נפשיות
למודקס	LAMODEX	LAMOTRIGINE	אסור להתרים	טיפול באפילפסיה
למודקס	LAMODEX	LAMOTRIGINE	מותר להתרים. יש לוודא שתורם במצב נפשי תקין ובא לתרום מרצונו	טיפול בבעיות נפשיות
למוסין	LEMOCIN	CETRIMONIUM, LIDOCAINE, TYROTHRICIN	מותר להתרים לאחר החלמה	נגד כאבי גרון
למיקטל	LAMICTAL	LAMOTRIGINE	אסור להתרים	טיפול באפילפסיה
למיקטל	LAMICTAL	LAMOTRIGINE	מותר להתרים. יש לוודא שתורם במצב נפשי תקין ובא לתרום מרצונו	טיפול בבעיות נפשיות
לנטון	LANTON	LANSOPRAZOLE	מותר להתרים אם אין עדות לדימום והמוגלובין תקין	טיפול בכיב קיבה או תריסריון, רפלוקס
לנטוס	LANTUS	INSULIN ANALOG	אסור להתרים	טיפול בסכרת
לנסופרזול	LANSOPRAZOLE	LANSOPRAZOLE	מותר להתרים אם אין עדות לדימום והמוגלובין תקין	טיפול בכיב קיבה או תריסריון, רפלוקס
לפונקס	LEPONEX	CLOZAPINE	מותר להתרים. יש לוודא שהתורם במצב נפשי תקין ובא לתרום מרצונו	טיפול בבעיות נפשיות
לקוסמיד	LACOSAMIDE	LACOSAMIDE	אסור להתרים	טיפול באפילפסיה
לקסטיב מורכב	LAXATIVE COMPOUND	ALOE, ALOIN, BELLADONNA, IPECACUANHA, PHENOLPHTHALEIN	מותר להתרים	טיפול בעצירות
לקסעדין	LAXADIN	BISACODYL	מותר להתרים	טיפול בעצירות
מינירין	MINIRIN	DESMOPRESSIN	אסור להתרים	טיפול בסכרת תפלה
לרקאנידיפין	LERCANIDIPINE	LERCANIDIPINE	מותר להתרים אם לחץ הדם מאוזן	טיפול ביתר לחץ דם
לרקפרס	LERCAPRESS	LERCANIDIPINE	מותר להתרים אם לחץ הדם מאוזן	טיפול ביתר לחץ דם
לשיאה	LASEA	LAVENDER OIL	מותר להתרים	טיפול במצבי חרדה
מאלוקס	MAALOX	ALUMINIUM, MAGNESIUM	מותר להתרים	נגד צרבת
מגאקסין	MEGAXIN	MOXIFLOXACIN	מותר להתרים לאחר סיום הטיפול והחלמה מלאה בהתאם למחלה	אנטיביוטיקה
מדיקינט	MEDIKINET	METHYLPHENIDATE	מותר להתרים	טיפול בהפרעות קשב ופעלתנות יתר (ADHD)
מדרול	MEDROL	METHYLPREDNISOLONE	אסור להתרים במהלך הטיפול,לתרומות עתידיות לפנות לסמכות רפואית	טיפול במחלות אוטואימוניות, התקפי אסטמה/ אלרגיה
מודאל	MODAL	SULPIRIDE	מותר להתרים. יש לוודא שתורם במצב נפשי תקין ובא לתרום מרצונו	טיפול בבעיות נפשיות
מווקס	MOVEX	BROMHEXINE	מותר להתרים לאחר החלמה	מכייח/טיפול בשיעול וליחה
מוטיליום	MOTILIUM	DOMPERIDONE	מותר להתרים לאחר סיום הטיפול והחלמה	טיפול סימפטומטי בבחילות והקאות
מולטאק	MULTAQ	DRONEDARONE	אסור להתרים	טיפול בבעיות לב
מונולונג	MONOLONG	ISOSORBIDE	אסור להתרים	טיפול במחלות לב
מונוקורד	MONOCORD	ISOSORBIDE	אסור להתרים	טיפול במחלות לב
מונורול	MONUROL	FOSFOMYCIN	מותר להתרים לאחר סיום הטיפול והחלמה מלאה בהתאם למחלה	אנטיביוטיקה
מונטאייר	MONTAIR	MONTELUKAST	מותר להתרים בהתאם להנחיות רפואיות (ראה אסטמה)	טיפול באסטמה
מונטאייר	MONTAIR	MONTELUKAST	מותר להתרים	טיפול באלרגיה
מונטהלוקאסט	MONTELUKAST	MONTELUKAST	מותר להתרים בהתאם להנחיות רפואיות (ראה אסטמה)	טיפול באסטמה
מוסקול	MUSCOL	ORPHENADRINE, PARACETAMOL	מותר להתרים	טיפול בכאבי שרירים
מוקולס	MUCOLESS	BROMHEXINE	מותר להתרים לאחר החלמה	מכייח/טיפול בשיעול וליחה
מוקסיויט	MOXYVIT	AMOXYCILLIN	מותר להתרים לאחר סיום הטיפול והחלמה מלאה בהתאם למחלה	אנטיביוטיקה
מוקסיפן	MOXYPEN	AMOXYCILLIN	מותר להתרים לאחר סיום הטיפול והחלמה מלאה בהתאם למחלה	אנטיביוטיקה
מזוונט	MEZAVANT	MESALAZINE	אסור להתרים	טיפול בקוליטיס כיבית
מטוג'קט	METOJECT	METHOTREXATE	אסור להתרים	טיפול במחלות ממאירות, אוטואימוניות ואחרות
מטפורמין	METFORMIN	METFORMIN	מותר להתרים אם סכרת מאוזנת	טיפול בסכרת
מיגרלב	MIGRALEVE	BUCLIZINE, CODEINE,PARACETAMOL	מותר להתרים אם ללא התקף ביום התרומה	למניעה וטיפול בהתקפי מיגרנה
מיזולן	MIZOLLENE	MIZOLASTINE	מותר להתרים	טיפול  באלרגיה
מיטרודרם	NITRODERM	NITROGLYCERINE	אסור להתרים	טיפול באנגינה פקטוריס (תעוקת חזה)
מייבנקלאד	MAVENCLAD	CLADRIBINE	אסור להתרים	טיפול בטרשת נפוצה
מילפוניד	MILFONIDE	BUDESONIDE	מותר להתרים בהתאם להנחיות רפואיות (ראה אסטמה)	טיפול באסטמה
מינולט	MINULET	GESTODENE, ETHINYLESTRADIOL	מותר להתרים	גלולות למניעת הריון
מינוציקלין	MINOCYCLINE	MINOCYCLINE	מותר להתרים לאחר סיום הטיפול והחלמה מלאה בהתאם למחלה	אנטיביוטיקה, טיפול בדלקת זיהומית
מינוציקלין	MINOCYCLINE	MINOCYCLINE	ראה אקנה	טיפול באקנה
מינוקלין	MINOCLIN	MINOCYCLINE	מותר להתרים לאחר סיום הטיפול והחלמה מלאה בהתאם למחלה	אנטיביוטיקה, טיפול בדלקת זיהומית
מינוקלין	MINOCLIN	MINOCYCLINE	ראה אקנה	טיפול באקנה
מינירין	MINIRIN	DESMOPRESSIN	אסור להתרים	טיפול בסכרת תפלה
מינירין	MINIRIN	DESMOPRESSIN	מותר להתרים	טיפול בהרתבת לילה
מינס	MINESSE	GESTODENE, ETHINYLESTRADIOL	מותר להתרים	גלולות למניעת הריון
מיקובוטין	MYCOBUTIN	RIFABUTIN	אסור להתרים	טיפול בשחפת
מיקסטרד	MIXTARD	INSULIN	אסור להתרים	טיפול בסכרת
מיקרופירין	MICROPIRIN	ACETYL SALICYLIC ACID	בהתאם למחלה/מצב רפואי, לא לטרומבוציטים, אם קיבל במשך 3 ימים אחרונים	לדילול דם
מירו	MIRO	MIRTAZAPINE	מותר להתרים	טיפול בדיכאון
מירטאזאפין	MIRTAZAPINE	MIRTAZAPINE	מותר להתרים	טיפול בדיכאון
מכבימול	MACCABIMOL	PARACETAMOL	מותר להתרים	נגד כאבים
מכבימול	MACCABIMOL	PARACETAMOL	מותר להתרים לאחר החלמה	נגד חום
מלודיל	MELODIL	MAPROTILINE	מותר להתרים. יש לוודא שתורם במצב נפשי תקין ובא לתרום מרצונו	טיפול בדיכאון וחרדה
מליאן	MELIANE	GESTODENE, ETHINYLESTRADIOL	מותר להתרים	גלולות למניעת הריון
מסוליד	MESULID	NIMESULIDE	מותר להתרים. לא לטרומבוציטים, אם קיבל במשך 3 ימים אחרונים	נגד כאבים
מסטינון	MESTINON	PYRIDOSTIGMINE	אסור להתרים	טיפול במיאסטניה גרביס
מפרן	MEPRO	MEPROBAMATE	מותר להתרים	טיפול בחרדה  והפרעות שינה
מקסיבון	MAXIBONE	ALENDRONATE	מותר להתרים	טיפול באוסטאופורוזיס
מרוניל	MARONIL	CLOMIPRAMINE	מותר להתרים. יש לוודא שתורם במצב נפשי תקין ובא לתרום מרצונו	טיפול בדיכאון
מרסילון	MERCILON	ETHINYLESTRADIOL, DESOGESTREL	מותר להתרים	גלולות למניעת הריון
מרקפטיזול	MERCAPTIZOL	METHIMAZOLE	מותר להתרים אם תיפקודי בלוטת התריס תקינים	טיפול בפעילות יתר של בלוטת התריס
מתוטרקסאט	METHOTREXATE	METHOTREXATE	אסור להתרים	טיפול במחלות ממאירות, אוטואימוניות ואחרות
נאורונטין	NEURONTIN	GABAPENTIN	אסור להתרים	טיפול באפילפסיה
נאורונטין	NEURONTIN	GABAPENTIN	לפנות לבירור לסמכות רפואית	טיפול בכאב נוירופטי
נבוקו	NABUCO	NABUMETONE	אסור להתרים אם דלקת חריפה, או דלקת כרונית פעילה	טיפול בדלקת
נבידו	NEBIDO	TESTOSTERONE	מותר להתרים 24 שעות לאחר הזריקה	טיפול בחסר טסטוסטרון לגברים
נובומיקס	NOVOMIX	INSULIN	אסור להתרים	טיפול בסכרת
נובונורם	NOVONORM	REPAGLINIDE	מותר להתרים אם סכרת מאוזנת	טיפול בסכרת
נובופם	NOVOFEM	ESTROGENE, NORETHISTERONE	מותר להתרים	טיפול הורמונלי בגיל המעבר (HRT)
נובורפיד	NOVORAPID	INSULIN	אסור להתרים	טיפול בסכרת
נוביג'יל	NUVIGIL	ARMODAFINIL	אסור להתרים	טיפול בנרקולפסיה
נוביטרופן	NOVITROPAN	OXYBUTYNIN	מותר להתרים	טיפול בתסמינים של כיס שתן נוירוגני
נובריל	NOVERIL	DIBENZEPIN	מותר להתרים. יש לוודא שתורם במצב נפשי תקין ובא לתרום מרצונו	טיפול בדיכאון
נודקסטה	NUEDEXTA	DEXTROMETHORPHAN, QUINIDINE	אסור להתרים	טיפול בבעיות נוירולוגיות
נוטנסיל	NOTENSYL	DICYCLOMINE	מותר להתרים	טיפול במעי רגיז
נוילפטיל	NEULEPTIL	PERICYAZINE	מותר להתרים. יש לוודא שתורם במצב נפשי תקין ובא לתרום מרצונו	טיפול בבעיות נפשיות
נוסידקס	NUSSIDEX	PSEUDOEPHEDRINE, DEXCHLORPHENIRAMINE	מותר להתרים	טיפול בנזלת
נוקטורנו	NOCTURNO	ZOPICLONE	מותר להתרים	טיפול בהפרעות שינה
נוקלה	NUCALA	MEPOLIZUMAB	מותר להתרים בהתאם להנחיות רפואיות (ראה אסטמה), בתנאי שעברו 24 שעות לאחר הזריקה	טיפול באסטמה
נורווסק	NORVASC	AMLODIPINE	מותר להתרים אם לחץ הדם מאוזן	טיפול ביתר לחץ דם
נורווסק	NORVASC	AMLODIPINE	אסור להתרים	טיפול בבעיות לב
נורופן	NUROFEN	IBUPROFEN	מותר להתרים. לא לטרומבוציטים, אם קיבל במשך 3 ימים אחרונים	נגד כאבים
נורופן	NUROFEN	IBUPROFEN	אסור להתרים אם דלקת חריפה, או דלקת כרונית פעילה	טיפול בדלקת
נורופן	NUROFEN	IBUPROFEN	מותר להתרים לאחר החלמה. לא לטרומבוציטים, אם קיבל במשך 3 ימים אחרונים	נגד חום
נורטילין	NORTYLIN	NORTRIPTYLIN	מותר להתרים. יש לוודא שתורם במצב נפשי תקין ובא לתרום מרצונו	טיפול בדיכאון
נוריט	NORIT	CHARCOAL	מותר להתרים	טיפול באי נוחות במע' העיכול
נוריט	NORIT	CHARCOAL	מותר להתרים 7 ימים לאחר החלמה	טיפול בשלשולים
נורליפ	NORLIP	BEZAFIBRATE	מותר להתרים	טיפול בעודף כולסטרול בדם
נורמופרסאן	NORMOPRESAN	CLONIDINE	מותר להתרים אם לחץ הדם מאוזן	טיפול ביתר לחץ דם
נורמיטן	NORMITEN	ATENOLOL	מותר להתרים אם לחץ הדם מאוזן ודופק מעל 70 לדקה	טיפול ביתר לחץ דם
נורמיטן	NORMITEN	ATENOLOL	אסור להתרים	טיפול בבעיות לב
נורמלול	NORMALOL	ATENOLOL	מותר להתרים אם לחץ הדם מאוזן ודופק מעל 70 לדקה	טיפול ביתר לחץ דם
נורמלול	NORMALOL	ATENOLOL	אסור להתרים	טיפול בבעיות לב
נורפרולק	NORPROLAC	QUINAGOLIDE	יש לפנות לסמכות רפואית	טיפול בעודף פרולקטין בדם
ניאובלוק	NEOBLOC	METOPROLOL	מותר להתרים אם לחץ הדם מאוזן ודופק מעל 70 לדקה	טיפול ביתר לחץ דם
ניאובלוק	NEOBLOC	METOPROLOL	אסור להתרים	טיפול בבעיות לב
ניאובלוק	NEOBLOC	METOPROLOL	מותר להתרים	למניעת מיגרנה
ניאוטיגאזון	NEOTIGASON	ACITRETIN	מותר להתרים 3 שנים לאחר סיום הטיפול	טיפול בפסוריאזיס קשה
ניטרולינגואל ספריי	NITROLINGUAL SPRAY	GLYCERYL TRINITRATE	אסור להתרים	טיפול באנגינה פקטוריס (תעוקת חזה)
ניסטטין	NYSTATIN	NYSTATIN	מותר להתרים אם הפטרת בעור או בנרתיק בלבד	טיפול בפטרת
ניפדילונג	NIFEDILONG	NIFEDIPINE	מותר להתרים אם לחץ הדם מאוזן	טיפול ביתר לחץ דם
ניפדילונג	NIFEDILONG	NIFEDIPINE	אסור להתרים	טיפול בבעיות לב
ניפדיפין	NIFEDIPINE	NIFEDIPINE	מותר להתרים אם לחץ הדם מאוזן	טיפול ביתר לחץ דם
ניפדיפין	NIFEDIPINE	NIFEDIPINE	אסור להתרים	טיפול בבעיות לב
ניקוטינל מדבקה	NICOTINELL	NICOTINE	מותר להתרים	טיפול להפסקת עישון
נפרוקסן	NAPROXEN	NAPROXEN	מותר להתרים לאחר החלמה	נגד חום
נפרוקסן	NAPROXEN	NAPROXEN	אסור להתרים אם דלקת חריפה, או דלקת כרונית פעילה	טיפול בדלקת
נפרוקסן	NAPROXEN	NAPROXEN	מותר להתרים. לא לטרומבוציטים, אם קיבל במשך 3 ימים אחרונים	טיפול נגד כאבים
נקסיום	NEXIUM	ESOMEPRASOLE	מותר להתרים אם אין עדות לדימום והמוגלובין תקין	טיפול בכיב קיבה, רפלוקס, הליקובקטר
נקסין	NAXYN	NAPROXEN	מותר להתרים. לא לטרומבוציטים, אם קיבל במשך 3 ימים אחרונים	טיפול נגד כאבים
נקסין	NAXYN	NAPROXEN	אסור להתרים אם דלקת חריפה, או דלקת כרונית פעילה	טיפול בדלקת
נרוסין	NAROCIN	NAPROXEN	מותר להתרים. לא לטרומבוציטים, אם קיבל במשך 3 ימים אחרונים	טיפול נגד כאבים
נרוסין	NAROCIN	NAPROXEN	מותר להתרים לאחר החלמה	נגד חום
נרמיג	NARAMIG	NAROTRIPTAN	מותר להתרים אם ללא התקף ביום התרומה	טיפול בהתקפי מיגרנה
סאפריס	SAPHRIS	ASENAPINE	מותר להתרים. יש לוודא שתורם במצב נפשי תקין ובא לתרום מרצונו	טיפול בבעיות נפשיות
סאקסנדה	SAXENDA	LIRAGLUTIDE	מותר להתרים 24 שעות לאחר הזריקה	טיפול להרזיה
סברילן	SABRILAN	VIGABATRIN	אסור להתרים	טיפול באפילפסיה
סגלורומט	SEGLUROMET	METFORMIN, ERTUGLIFLOZIN	מותר להתרים אם סכרת מאוזנת	טיפול בסכרת
סדורל	SEDURAL	PHENAZOPYRIDINE	מותר להתרים אם אין עדות לדלקת	נגד פאבים ודחיפות במתן שתן
סובוטקס	SUBUTEX	BUPRENORPHINE	יש לפנות לסמכות רפואית	כאב, טיפול חלופי לתלות באופיאטים
סובוקסון	SUBOXONE	BUPRENORPHINE, NALOXONE	יש לפנות לסמכות רפואית	טיפול חלופי לתלות באופיאטים
סוויס רליף	SWISS RELIEF	DICLOFENAC	מותר להתרים. לא לטרומבוציטים, אם קיבל במשך 3 ימים אחרונים	טיפול נגד כאבים
סוויס רליף	SWISS RELIEF	DICLOFENAC	אסור להתרים אם דלקת חריפה, או דלקת כרונית פעילה	טיפול בדלקת
סוטלול	SOTALOL	SOTALOL	אסור להתרים	טיפול בהפרעות קצב
סולבקס	SOLVEX	BROMHEXINE	מותר להתרים לאחר החלמה	מכייח/טיפול בשיעול וליחה
סולוקווה	SULIQUA	INSULIN	אסור להתרים	טיפול בסכרת
סוליאן	SOLIAN	AMISULPRIDE	מותר להתרים. יש לוודא שתורם במצב נפשי תקין ובא לתרום מרצונו	טיפול בבעיות נפשיות
סוליפנאסין	SOLIFENACIN	SOLIFENACIN	מותר להתרים	טיפול בדחיפות במתן שתן
סומטרידקס	SUMATRIDEX	SUMATRIPTAN	מותר להתרים אם ללא התקף ביום התרומה	טיפול בהתקפי מיגרנה
סונגה נייט	SONGHA HIGHT	VALERIAN EXTR., MELISSA	מותר להתרים	טבליות להרגעה והפרעות שינה
סופרמול	SUPRAMOL	PARACETAMOL	מותר להתרים	נגד כאבים
סופרמול	SUPRAMOL	PARACETAMOL	מותר להתרים לאחר החלמה	נגד חום
סורבון	SORBON	BUSPIRONE	מותר להתרים. יש לוודא שתורם במצב נפשי תקין ובא לתרום מרצונו	טיפול במצבי חרדה
סטאלבו	STALEVO	CARBIDOPA, LEVODOPA, ENTACAPONE	מותר להתרים בהתאם למצבו התורם	טיפול במחלת פרקינסון
סטגלוז'ן	STEGLUJAN	ERTUGLIFLOZIN, SITAGLIPTIN	מותר להתרים אם סכרת מאוזנת	טיפול בסכרת
סטגלטרו	STEGLATRO	ERTUGLIFLOZIN	מותר להתרים אם סכרת מאוזנת	טיפול בסכרת
סטונרון	STUNARONE	CINNARIZINE	מותר להתרים בהתאם למחלה/ מצב רפואי	טיפול בסחרחורות / מחלת מנייר
סטופיט	STOPIT	LOPERAMIDE	מותר להתרים שבוע לאחר החלמה	נגד שלשולים
סטטור	STATOR	ROSUVASTATIN	מותר להתרים	טיפול בעודף כולסטרול בדם
סטילנןקס	STILNOX	ZOLPIDEM	מותר להתרים	טיפול בהפרעות שינה
סטלרה	STELARA	USTEKINUMAB	אסור להתרים	טיפול בפסוריאזיס קשה
סטרוקורט	STEROCORT	TRIAMCINOLONE	אסור להתרים במהלך הטיפול,לתרומות עתידיות לפנות לסמכות רפואית	טיפול במחלות אוטואימוניות, התקפי אסטמה/ אלרגיה
סטרטרה	STRATTERA	ATOMOXETINE	מותר להתרים	טיפול בהפרעות קשב וריכוז
סיאליס	CIALIS	TADALAFIL	מותר להתרים	הפרעות בזקפה
סיברי	SEEBRI	GLYCOPYRRONIUM	מותר להתרים אם אין קוצר נשימה במאמץ קל ו/או מחלה חריפה	טיפול ב COPD
סיגניפור	SIGNIFOR	PASIREOTIDE	אסור להתרים	טיפול במחלת קושינג
סיטאגליפטין	SITAGLIPTIN	SITAGLIPTIN	מותר להתרים אם סכרת מאוזנת	טיפול בסכרת
סילדנאפיל	SILDENAFIL	SILDENAFIL	מותר להתרים 12 שעות לאחר הטיפול	הפרעות בזקפה
סילריל	CILARIL	CILAZAPRIL	מותר להתרים אם לחץ הדם מאוזן	טיפול ביתר לחץ דם
סילריל	CILARIL	CILAZAPRIL	אסור להתרים	טיפול בבעיות לב
סימבאלטה	CYMBALTA	DULOXETINE	מותר להתרים. יש לוודא שתורם במצב נפשי תקין ובא לתרום מרצונו	טיפול בדיכאון  ובעיות נפשיות
סימבאלטה	CYMBALTA	DULOXETINE	יש לפנות לסמכות רפואית	כאב נוירופטי בחולי סכרת, פיברומיאלגיה
סימביקורט	SYMBICORT	BUDESONIDE, FORMOTEROL	מותר להתרים בהתאם להנחיות רפואיות (ראה אסטמה)	טיפול באסטמה
סימבסטאטין	SIMVASTATIN	SIMVASTATIN	מותר להתרים	טיפול בעודף כולסטרול בדם
סימבקור	SIMVACOR	SIMVASTATIN	מותר להתרים	טיפול בעודף כולסטרול בדם
סימבקסון	SIMVAXON	SIMVASTATIN	מותר להתרים	טיפול בעודף כולסטרול בדם
סימוביל	SIMOVIL	SIMVASTATIN	מותר להתרים	טיפול בעודף כולסטרול בדם
סימזיה	CIMZIA	CERTOLIZUMAB	אסור להתרים	טיפול בדלקת פרקים פעילה ומחלת קרוהן
סימידונה	CIMIDONA	CIMICIFUGAE RHIZOMA EXTRACT	מותר להתרים	טיפול בתופעות של גיל המעבר
סימפוני	SIMPONI	GOLIMUMAB	אסור להתרים	טיפול אימונוסופרסיבי
סינאקלסט	CINACALCET	CINACALCET	אסור להתרים	טיפול בעיות של בלוטת יותרת התריס
סינגולייר	SINGULAIR	MONTELUKAST	מותר להתרים בהתאם להנחיות רפואיות (ראה אסטמה)	טיפול באסטמה
סינמט	SINEMET	CARBIDOPA, LEVODOPA	מותר להתרים בהתאם למצבו התורם	טיפול במחלת פרקינסון
סינקאייר	CINQAIR	RESLIZUMAB	אסור להתרים	טיפול באסטמה קשה
סינתרואיד	SYNTHROID	LEVOTHYROXINE	מותר להתרים אם תיפקודי בלוטת התריס תקינים	טיפול בתת פעילות של בלוטת התריס
סיפרול	SIFROL	PRAMIPEXOLE	סיכון לירידת לחץ דם, מותר להתרים בהתאם למצבו התורם. לוודא שתייה,למדוד ל"ד ודופק 15 דקות לאחר תרומה	טיפול במחלת פרקינסון
סירן	SIRAN	ACETYLCYSTEINE	מותר להתרים לאחר החלמה	מכייח/טיפול בשיעול וליחה
סירקדין	CIRCADIN	MELATONIN	מותר להתרים	טיפול   בהפרעות שינה
סלאזופירין	SALAZOPYRINE	SULPHASALAZINE	אסור להתרים	טיפול במחלת קרוהן וקוליטיס מכוייבית (Ulcerative Colitis)
סלבותרים	SALBUTRIM	SALBUTAMOL	מותר להתרים בהתאם להנחיות רפואיות (ראה אסטמה)	טיפול באסטמה
סלבותרים	SALBUTRIM	SALBUTAMOL	אסור להתרים	טיפול באמפיזמה
סלבקל	SALVAKAL	PILOCARPINE	אסור להתרים	טיפול בסרטן ותסמונת סיוגרן
סלג'ין	SELGIN	SELEGILINE	מותר להתרים בהתאם למצבו התורם	טיפול במחלת פרקינסון
סלגן	SALAGEN	PILOCARPINE	אסור להתרים	טיפול בסרטן ותסמונת סיוגרן
סלואו דרלין	SLOW DERALIN	PROPRANOLOL	אסור להתרים	טיפול בבעיות לב/ קצב לב מהיר בפעילות יתר של בלותת התריס
סלואו דרלין	SLOW DERALIN	PROPRANOLOL	מותר להתרים בהתאם למחלה/ מצב רפואי. יש לבדוק דופק	טיפול בתנועות בלתי רצוניות/ רעד
סלואו דרלין	SLOW DERALIN	PROPRANOLOL	מותר להתרים. יש לבדוק דופק	למניעת התקפי מיגרנה
סליידר	SLIDER	SILDENAFIL	אסור להתרים	טיפול ביתר לחץ דם ריאתי
סלינקרו	SELINCRO	NALMEFENE	יש לפנות לסמכות רפואית	טיפול בצריכת יתר של אלכוהול
סליפ איד	SLEEP AID	DOXYLAMINE	מותר להתרים	טיפול בהפרעות שינה
סלקוקס	CELCOX	CELECOXIB	מותר להתרים. לא לטרומבוציטים, אם קיבל במשך 3 ימים אחרונים	טיפול נגד כאבים, בעיקר בעצמות ופרקים
סלקוקס	CELCOX	CELECOXIB	אסור להתרים	טיפול בדלקת פרקים פעילה
סנדאימון ניאורל	SANDIMMUN NEORAL	CICLOSPORIN	אסור להתרים	מדכא מערכת החיסונית
סנסמול	SENSAMOL	PARACETAMOL	מותר להתרים	נגד כאבים
סנסמול	SENSAMOL	PARACETAMOL	מותר להתרים לאחר החלמה	נגד חום
ספורנוקס	SPORANOX	ITRACONAZOLE	אסור להתרים	טיפול בפטרת בפה ובוושט
ספזמו-ליט	SPASMO-LIT	TROSPIUM	מותר להתרים בהתאם למחלה/ מצב רפואי	טיפול בשלפוחית רגיזה ובריחת שתן
ספזמומן	SPASMOMEN	OTILONIUM	מותר להתרים אם אין עדות לגסטרואנטריטיס חריפה	טיפול בתסמונת המעי הרגיז
ספזמקס	SPASMEX	TROSPIUM	מותר להתרים בהתאם למחלה/ מצב רפואי	טיפול בשלפוחית רגיזה ובריחת שתן
ספיולטו רספימט	SPIOLTO RESPIMAT	TIOTROPIUM, OLODATEROL	מותר להתרים אם אין קוצר נשימה במאמץ קל ו/או מחלה חריפה	טיפול ב COPD
ספירונולקטון	SPIRONOLACTONE	SPIRONOLACTONE	יש לפנות לסמכות רפואית	משתן/דיורטיקה
ספיריבה	SPIRIVA	TIOTROPIUM	מותר להתרים אם אין קוצר נשימה במאמץ קל ו/או מחלה חריפה	טיפול ב COPD
ספסמלגין	SPASMALGIN	ATROPINE, CODEINE, PAPAVERINE, PARACETAMOL	יש לפנות לסמכות רפואית	טיפול בכאב עוויתי במערכת העיכול/כליות
סרבנט דיסקוס	SEREVENT DISKUS	SALMETEROL	מותר להתרים בהתאם להנחיות רפואיות (ראה אסטמה)	טיפול באסטמה
סרבנט דיסקוס	SEREVENT DISKUS	SALMETEROL	מותר להתרים אם אין קוצר נשימה במאמץ קל ו/או מחלה חריפה	טיפול ב- COPD
סרדולקט	SERDOLECT	SERTINDOLE	מותר להתרים. יש לוודא שתורם במצב נפשי תקין ובא לתרום מרצונו	טיפול בבעיות נפשיות
סרוקואל	SEROQUEL	QUETIAPINE	מותר להתרים. יש לוודא שתורם במצב נפשי תקין ובא לתרום מרצונו	טיפול בבעיות נפשיות
סרוקסט	SEROXAT	PAROXETINE	מותר להתרים. יש לוודא שתורם במצב נפשי תקין ובא לתרום מרצונו	טיפול בדיכאון  ובעיות נפשיות
סרזט	CERAZETTE	DESOGESTREL	מותר להתרים	גלולות מניעת הריון
סרטייד דיסקוס	SERETIDE DISKUS	FLUTICASONE, SALMETEROL	מותר להתרים בהתאם להנחיות רפואיות (ראה אסטמה)	טיפול באסטמה
סרטרלין	SERTRALINE	SERTRALINE	מותר להתרים. יש לוודא שתורם במצב נפשי תקין ובא לתרום מרצונו	טיפול בדיכאון
סרנדה	SERENADA	SERTRALINE	מותר להתרים. יש לוודא שתורם במצב נפשי תקין ובא לתרום מרצונו	טיפול בדיכאון
עצירות X	ATZIRUT X	BISACODYL	מותר להתרים	טיפול בעצירות
ערבה	ARAVA	LEFLUNOMIDE	אסור להתרים	טיפול בראומטויד או פסורואטיק ארטריטיס
ערמוניה	ARMONIA	DUTASTERIDE	מותר להתרים 6 חודשים לאחר סיום הטיפול	טיפול בהגדלת פרוסטטה שפירה
פאקסט	PAXXET	PAROXETINE	מותר להתרים. יש לוודא שתורם במצב נפשי תקין ובא לתרום מרצונו	טיפול בדיכאון  ובעיות נפשיות
פבאוריק	FEBURIC	FEBUXOSTAT	מותר להתרים	טיפול בעודף חומצת אורית בדם
פבוקסיל	FAVOXIL	FLUVOXAMINE	מותר להתרים. יש לוודא שתורם במצב נפשי תקין ובא לתרום מרצונו	טיפול בבעיות נפשיות
פוינט	POINT	NAPROXEN	אסור להתרים אם דלקת חריפה, או דלקת כרונית פעילה	טיפול בדלקת
פוינט	POINT	NAPROXEN	מותר להתרים. לא לטרומבוציטים, אם קיבל במשך 3 ימים אחרונים	טיפול נגד כאבים
פולירון	FOLIRON	FOLIC ACID, IRON	מותר להתרים אם לא נלקח לתיקון אנמיה/חסר ברזל והמוגלובין תקין	טיפול בחוסר ברזל ואנמיה
פולקס	FOLEX	FOLIC ACID, IRON	מותר להתרים אם לא נלקח לתיקון אנמיה/חסר ברזל והמוגלובין תקין	טיפול בחוסר ברזל ואנמיה
פומיניק	FOMINIC	DESOGESTREL	מותר להתרים	גלולות למניעת הריון
פוסאוונס	FOSAVANCE	ALENDRONATE	מותר להתרים	טיפול באוסטאופורוזיס
פוסאלאן	FOSALAN	ALENDRONATE	מותר להתרים	טיפול באוסטאופורוזיס
פוסטינור	POSTINOR	LEVONORGESTREL	מותר להתרים	גלולות מניעת הריון
פוסטר	FOSTER	FORMOTEROL, BECLOMETASONE	מותר להתרים בהתאם להנחיות רפואיות (ראה אסטמה)	טיפול באסטמה
פוסיד	FUSID	FUROSEMIDE	מותר להתרים אם לחץ הדם מאוזן	טיפול ביתר לחץ דם
פוסידין	FUCIDIN	SODIUM FUSIDATE	מותר להתרים לאחר סיום הטיפול והחלמה מלאה בהתאם למחלה	אנטיביוטיקה
פורדיל	FORADIL	FORMOTEROL	מותר להתרים בהתאם להנחיות רפואיות (ראה אסטמה/ברונכיטיס)	טיפול באסטמה/ ברונכיטיס כרונית
פורדיל	FORADIL	FORMOTEROL	אסור להתרים	טיפול באמפיזמה
פורדיל	FORADIL	FORMOTEROL	מותר להתרים אם אין קוצר נשימה במאמץ קל ו/או מחלה חריפה	טיפול ב- COPD
פורטאו	FORTEO	TERIPARATIDE	מותר להתרים, אם עברו 24 שעות לאחר הזריקה	טיפול באוסטאופורוזיס
פורסיגה	FORXIGA	DAPAGLIFLOZIN	מותר להתרים אם סכרת מאוזנת	טיפול בסכרת
פיוגליטזון	PIOGLITAZONE	PIOGLITAZONE	מותר להתרים אם סכרת מאוזנת	טיפול בסכרת
פייקומפה	FYCOMPA	PERAMPANEL	.אסור להתרים	טיפול באפילפסיה
פינגולימוד	FINGOLIMOD	FINGOLIMOD	אסור להתרים	טיפול בטרשת נפוצה
פינסטרייד	FINASTERIDE	FINASTERIDE	מותר להתרים חודש לאחר סיום הטיפול	טיפול בנשירת שער
פירידוסטיגמין	PYRIDOSTIGMINE	PYRIDOSTIGMINE	אסור להתרים	טיפול במיאסטניה גרביס
פלאג'יל	FLAGYL	METRONIDAZOLE	מותר להתרים לאחר סיום הטיפול והחלמה מלאה בהתאם למחלה	אנטיביוטיקה
פלובוקסמין	FLUVOXAMINE	FLUVOXAMINE	מותר להתרים. יש לוודא שתורם במצב נפשי תקין ובא לתרום מרצונו	טיפול בבעיות נפשיות
פלוטין	FLUTINE	FLUOXETINE	מותר להתרים. יש לוודא שתורם במצב נפשי תקין ובא לתרום מרצונו	טיפול בדיכאון  ובעיות נפשיות
פלוטיפורם	FLUTIFORM	FLUTICASONE, FORMOTEROL	מותר להתרים בהתאם להנחיות רפואיות (ראה אסטמה)	טיפול באסטמה
פלויקס	PLAVIX	CLOPIDOGREL	יש לפנות לסמכות רפואית. לא לטרומבוציטים,	דילול דם
פלוקונזול	FLUCONAZOLE	FLUCONAZOLE	לפנות לסמכות רפואית	טיפול בפטרת
פלוקנול	FLUCANOL	FLUCONAZOLE	לפנות לסמכות רפואית	טיפול בפטרת
פלורט	FLORET	ETHINYLESTRADIOL, GESTODENE	מותר להתרים	גלולות למניעת הריון
פליים	FLAME	ETHINYLESTRADIOL, GESTODENE	מותר להתרים	גלולות למניעת הריון
פליקסוטייד משאף/דיסקוס	FLIXOTIDE	FLUTICASONE	מותר להתרים בהתאם להנחיות רפואיות (ראה אסטמה)	טיפול באסטמה
פליקסוטייד משאף/דיסקוס	FLIXOTIDE	FLUTICASONE	מותר להתרים אם אין קוצר נשימה במאמץ קל ו/או מחלה חריפה	טיפול ב- COPD
פלנדרן	PLENADREN	HYDROCORTISONE	יש לפנות לסמכות רפואית	טיפול באי ספיקה אדרנלית
פלקווניל	PLAQUENIL	HYDROXYCHLOROQUINE	אסור להתרים	טיפול במלריה ומחלות אוטואימוניות
פמוטידין	FAMOTIDINE	FAMOTIDINE	מותר להתרים אם אין עדות לדימום והמוגלובין תקין	טיפול בכיב קיבה או תריסריון, רפלוקס
פמוסטון	FEMOSTON	DYDROGESTERONE,ESTRADIOL	מותר להתרים	טיפול הורמונלי
פמיד	PAMID	INDAPAMIDE	מותר להתרים אם לחץ הדם מאוזן	טיפול ביתר לחץ דם
פמינט	FEMINET	DESOGESTREL, ETHINYLESTRADIOL	מותר להתרים	גלולות למניעת הריון
פמפירה	FAMPIRA	FAMPRIDINE	אסור להתרים	טיפול בטרשת נפוצה
פנאפט	FANAPT	ILOPERIDONE	מותר להתרים. יש לוודא שתורם במצב נפשי תקין ובא לתרום מרצונו	טיפול בסכיזופרניה
פנדול	PANADOL	PARACETAMOL	מותר להתרים	נגד כאבים
פנדול	PANADOL	PARACETAMOL	מותר להתרים לאחר החלמה	נגד חום
פנוברביטון	PHENOBARBITONE	PHENOBARBITONE	מותר להתרים	טיפול בהפרעות שינה
פנטסה	PENTASA	MESALAZINE	אסור להתרים	טיפול במחלת קרוהן וקוליטיס מכוייבית (Ulcerative Colitis)
פנידין	PHENIDIN	METHYLPHENIDATE	מותר להתרים	טיפול בהפרעות קשב ופעלתנות יתר (ADHD)
פניסטיל	FENISTIL	DIMETHINDENE	מותר להתרים	טיפול באלרגיה
פסנרה	FASENRA	BENRALIZUMAB	מותר להתרים בהתאם  להנחיות רפואיות (ראה אסטמה), ועברו 24 שעות ממועד הזריקה	טיפול באסטמה אאוזינופילית
פפברין	PAPAVERINE	PAPAVERINE	אסור להתרים אם ניתן למחלת מעי דלקתית חריפה או כרונית	טיפול בכאב עוויתי
פקסופנאדין	FEXOFENADINE	FEXOFENADINE	מותר להתרים	טיפול בנזלת אלרגית
פקסופנאדין	FEXOFENADINE	FEXOFENADINE	ראה אורטיקריה	טיפול באורטיקריה כרונית
פראלואנט	PRALUENT	ALIROCUMAB	מותר להתרים 24 שעות לאחר הזריקה	להורדת שומנים בדם
פראמול	PARAMOL	PARACETAMOL	מותר להתרים	נגד כאבים
פראמול	PARAMOL	PARACETAMOL	מותר להתרים לאחר החלמה	נגד חום
פראמול טרגט	PARAMOL TARGET	ACETYL SALICYLIC ACID CAFFEINE , PARACETAMOL	מותר להתרים לאחר החלמה. לא לטרומבוציטים, אם קיבל במשך 3 ימים אחרונים	נגד חום
פראמול טרגט	PARAMOL TARGET	ACETYL SALICYLIC ACID CAFFEINE , PARACETAMOL	מותר להתרים. לא לטרומבוציטים, אם קיבל במשך 3 ימים אחרונים	נגד כאבים
פראמין	PRAMIN	METOCLOPRAMIDE	אסור להתרים	טיפול בבחילות, הקאות
פראמין	PRAMIN	METOCLOPRAMIDE	מותר להתרים	טיפול  רפלוקס קיבה-ושט
פרבליפ	PRAVALIP	PRAVASTATIN	מותר להתרים	טיפול בעודף כולסטרול בדם
פרבסטאטין	PRAVASTATIN	PRAVASTATIN	מותר להתרים	טיפול בעודף כולסטרול בדם
פרגבלין	PREGABALIN	PREGABALIN	יש לפנות לסמכות רפואית	טיפול בכאבים נוירופטיים
פרדניזון	PREDNISONE	PREDNISONE	אסור להתרים במהלך הטיפול,לתרומות עתידיות לפנות לסמכות רפואית	טיפול במחלות אוטואימוניות, התקפי אסטמה/ אלרגיה
פרדקסה	PRADAXA	DABIGATRAN	אסור להתרים	לדילול דם
פרו-קיור	PRO-CURE	FINASTERIDE	מותר להתרים חודש לאחר סיום הטיפול	טיפול בהגדלת הפרוסטטה שפירה
פרואבניר	PROAVENIR	FINASTERIDE	מותר להתרים חודש לאחר סיום הטיפול	טיפול בנשירת שער
פרוברה	PROVERA	MEDROXYPROGESTERONE	מותר להתרים	טיפול הורמונלי
פרוגילוטון	PROGYLUTON	ESTRADIOL, NORGESTREL	מותר להתרים	טיפול הורמונלי
פרוויג'יל	PROVIIGIL	MODAFINIL	אסור להתרים	טיפול בהפרעות שינה בנרקולפסיה
פרוויג'יל	PROVIIGIL	MODAFINIL	מותר להתרים	טיפול בדום נשימה והפרעות שינה
פרווירון	PROVIRON	MESTEROLONE	מותר להתרים	טיפול הורמונלי לגברים
פרוזק	PROZAC	FLUOXETINE	מותר להתרים. יש לוודא שתורם במצב נפשי תקין ובא לתרום מרצונו	טיפול בדיכאון  ובעיות נפשיות
פרוזק	PROZAC	FLUOXETINE	מותר להתרים	טיפול בבולימיה
פרוטופיק	PROTOPIC	TACROLIMUS	אסור להתרים	טיפול בדרמטיטיס קשה
פרוטוציד	PROTOCIDE	TINIDAZOLE	מותר להתרים לאחר סיום הטיפול והחלמה מלאה בהתאם למחלה	אנטיביוטיקה
פרוטיאזין	PROTHIAZINE	PROMETHAZINE	מותר להתרים	טיפול באלרגיה
פרוטיאזין	PROTHIAZINE	PROMETHAZINE	לפנות לבירור לסמכות רפואית	נגד הקאות
פרוטיאזין	PROTHIAZINE	PROMETHAZINE	מותר להתרים	להרגעה
פרוטין	PAROTIN	PAROXETINE	מותר להתרים. יש לוודא שתורם במצב נפשי תקין ובא לתרום מרצונו	טיפול בדיכאון  ובעיות נפשיות
פרולול	PROLOL	PROPRANOLOL	אסור להתרים	טיפול בבעיות לב/ קצב לב מהיר בפעילות יתר של בלותת התריס
פרולול	PROLOL	PROPRANOLOL	מותר להתרים בהתאם למחלה/ מצב רפואי. יש לבדוק דופק	טיפול בתנועות בלתי רצוניות/ רעד
פרולול	PROLOL	PROPRANOLOL	מותר להתרים. יש לבדוק דופק	למניעת התקפי מיגרנה, טיפול ביתר לחץ דם
פרומניקס	PROMNIX	TAMSULOSIN	מותר להתרים	טיפול בהגדלת הפרוסטטה שפירה
פרומתזין סירופ	PROMETHAZINE SYRUP	PROMETHAZINE, GUAIACOLSULFONATE, IPECACUANHA	מותר להתרים לאחר סיום הטיפול והחלמה	נגד שיעול
פרופיטן	PROFITEN	KETOTIFEN	מותר להתרים	טיפול באלרגיה
פרופיל תיוציל	PROPYL-THIOCIL	PROPYLTHIOURACIL	מותר להתרים אם מאוזן	טיפול בפעילות יתר של בלוטת התריס
פרופניד	PROFENID	KETOPROFEN	אסור להתרים אם דלקת פעילה, חריפה או  כרונית	טיפול בדלקת
פרופסיה	PROPECIA	FINASTERIDE	מותר להתרים חודש לאחר סיום הטיפול	טיפול בנשירת שער
פרופקס	PROFEX	PROPAFENONE	אסור להתרים	טיפול בהפרעות קצב
פרוקור	PROCOR	AMIODARONE	אסור להתרים	טיפול בהפרעות קצב
פרוקל	FERROCAL	CALCIUM, IRON	מותר להתרים אם לא נלקח לתיקון אנמיה/חסר ברזל והמוגלובין תקין	טיפול בחוסר ברזל ואנמיה
פרטאן	PARTANE	TRIHEXYPHENIDYL	יש לפנות לסמכות רפואית	פרקינסוניסם וטיפול בת"ל אקסטרהפירמידליות משניות לטיפול תרופתי אחר
פריזולין	PRYSOLINE	PRIMIDONE	אסור להתרים	נגד התכווצויות
פריזיום	FRISIUM	CLOBAZAM	מותר להתרים	טיפול במצבי חרדה
פריזמה	PRIZMA	FLUOXETINE	מותר להתרים. יש לוודא שתורם במצב נפשי תקין ובא לתרום מרצונו	טיפול בדיכאון  ובעיות נפשיות
פרייד	PRIDE	AMISULPRIDE	מותר להתרים. יש לוודא שתורם במצב נפשי תקין ובא לתרום מרצונו	טיפול בבעיות נפשיות
פרימולוט-נור	PRIMOLUT-NOR	NORETHISTERONE	מותר להתרים	טיפול הורמונלי
פריפול	FERRIFOL	FOLIC ACID, IRON	מותר להתרים אם לא נלקח לתיקון אנמיה/חסר ברזל והמוגלובין תקין	טיפול בחוסר ברזל ואנמיה
פריפל	FERRIPEL	IRON	מותר להתרים אם לא נלקח לתיקון אנמיה/חסר ברזל והמוגלובין תקין	טיפול בחוסר ברזל ואנמיה
פריקאט	PERICATE	HALOPERIDOL	מותר להתרים. יש לוודא שתורם במצב נפשי תקין ובא לתרום מרצונו	טיפול בסכיזופרניה ובעיות נפשיות שונות
פרמיפקסול	PRAMIPEXOLE	PRAMIPEXOLE	סיכון לירידת לחץ דם, מותר להתרים בהתאם למצבו התורם. לוודא שתייה,למדוד ל"ד ודופק 15 דקות לאחר תרומה	טיפול במחלת פרקינסון
פרמיקסון	PERMIXON	LIPIDOSTEROLIC EXTRACT	מותר להתרים	טיפול בהגדלת פרוסטטה שפירה
פרסוגרל	PRASUGREL	PRASUGREL	יש לפנות לסמכות רפואית. לא לטרומבוציטים	לדילול דם
פרסולאט	PRESSOLAT	NIFEDIPINE	מותר להתרים אם לחץ הדם מאוזן	טיפול ביתר לחץ דם
פרפנאן	PERPHENAN	PERPHENAZINE	מותר להתרים	להרגעה
פרפנאן	PERPHENAN	PERPHENAZINE	מותר להתרים לאחר החלמה	טיפול בהקאות
פרקוסט	PERCOCET	OXYCODONE  PARACETAMOL	מותר להתרים לכאבים אורטופדיים (פריצת דיסק, כאבי גב) במידה וסיבה לא מונעת מתרומה	נגד כאבים
צ'מפיקס	CHAMPIX	VARENICLINE	מותר להתרים	להפסקת עישון
ציטאלופרם	CITALOPRAM	CITALOPRAM	מותר להתרים. יש לוודא שתורם במצב נפשי תקין ובא לתרום מרצונו	טיפול בדיכאון ובעיות נפשיות
צייטוטק	CYTOTEC	MISOPROSTOL	מותר להתרים אם אין עדות לדימום והמוגלובין תקין	טיפול/מניעה כיב קיבה או תריסריון
ציסטגון	CYSTAGON	CYSTEAMINE	יש לפנות לסמכות רפואית	טיפול בנפרופטיק ציסטינוזיס
ציסטדן	CYSTADANE	BETAINE ANHYDROUS	מותר להתרים	טיפול בהומוציסטאין גבוה
ציפראמיל	CIPRAMIL	CITALOPRAM	מותר להתרים	טיפול בדיכאון ובעיות נפשיות
ציפרודקס	CIPRODEX	CIPROFLOXACIN	מותר להתרים לאחר סיום הטיפול והחלמה מלאה בהתאם למחלה	אנטיביוטיקה
ציפרופלוקסצין	CIPROFLOXACIN	CIPROFLOXACIN	מותר להתרים לאחר סיום הטיפול והחלמה מלאה בהתאם למחלה	אנטיביוטיקה
ציפרלקס	CIPRALEX	ESCITALOPRAM	מותר להתרים	טיפול בדיכאון
צפוויט	CEFOVIT	CEPHALEXIN	מותר להתרים לאחר סיום הטיפול והחלמה מלאה בהתאם למחלה	אנטיביוטיקה
קארין	KARIN	CLARYTHROMYCIN	מותר להתרים לאחר סיום הטיפול והחלמה מלאה בהתאם למחלה	אנטיביוטיקה
קבותרים	CABOTRIM	CABERGOLINE	יש לפנות לסמכות רפואית	טיפול ברמת פרולקטין גבוה
קבותרים	CABOTRIM	CABERGOLINE	מותר להתרים בהתאם למצבו התורם	טיפול במחלת פרקינסון
קבזרה	KEVZARA	SARILUMAB	אסור להתרים	טיפול בדלקת פרקים ראומטית פעילה
קדקס	CADEX	DOXAZOZIN	מותר להתרים	טיפול בהגדלת פרוסטטה שפירה
קו-דיובאן	CO-DIOVAN	VALSARTAN	מותר להתרים אם לחץ הדם מאוזן	טיפול ביתר לחץ דם
קוד-אקמול	COD-ACAMOL	CODEINE, PARACETAMOL	מותר להתרים	נגד כאבים
קוד-אקמול	COD-ACAMOL	CODEINE, PARACETAMOL	מותר להתרים לאחר החלמה	נגד חום ושיעול
קודאברול	CODABROL	CODEINE, PARACETAMOL	מותר להתרים	נגד כאבים
קודאברול	CODABROL	CODEINE, PARACETAMOL	מותר להתרים לאחר החלמה	נגד חום ושיעול
קודיביס	CODIVIS	PHENYLTOLOXAMINE, CODEINE	מותר להתרים  לאחר סיום הטיפול והחלמה מלאה	נגד שיעול
קודיקל	CODICAL	CODEINE, PARACETAMOL	מותר להתרים לאחר החלמה	נגד שעול
קוואטיאפין	QUETIAPINE	QUETIAPINE	מותר להתרים. יש לוודא שתורם במצב נפשי תקין ובא לתרום מרצונו	טיפול בבעיות נפשיות
קולוטאל	COLOTAL	MEBEVERINE	מותר להתרים	טיפול במעי רגיז
קולכיצין	COLCHICINE	COLCHICINE	מותר להתרים 24 שעות לאחר נטילת התרופה בהתאם להנחיות רפואיות	מניעה וטיפול בשיגדון וב FMF
קולפרמין	COLPERMIN	PEPPERMINT OIL	מותר להתרים	טיפול במעי רגיז
קומבודקס	COMBODEX	IBUPROFEN, PARACETAMOL	מותר להתרים. לא לטרומבוציטים, אם קיבל במשך 3 ימים אחרונים	נגד כאבים
קומבודקס	COMBODEX	IBUPROFEN, PARACETAMOL	מותר להתרים. לא לטרומבוציטים, אם קיבל במשך 3 ימים אחרונים	נגד חום וצינון
קומביגלייז	KOMBIGLYZE	METFORMIN, SAXAGLIPTIN	מותר להתרים אם סכרת מאוזנת	טיפול בסכרת
קומדין	COUMADIN	WARFARIN	אסור להתרים	נוגד קרישה
קומטן	COMTAN	ENTACAPONE	מותר להתרים בהתאם למצבו התורם	טיפול במחלת פרקינסון
קומפטקט	COMPETACT	METFORMINE, PIOGLITAZONE	מותר להתרים אם סכרת מאוזנת	טיפול בסכרת
קונטלקס	CONTALAX	BISACODYL	מותר להתרים	נגד עצירות
קונטרולוק	CONTROLOC	PANTOPRAZOLE	מותר להתרים אם אין עדות לדימום והמוגלובין תקין	טיפול בכיב קיבה, רפלוקס, הליקובקטר
קונסרטה	CONCERTA	METHYLPHENIDATE	מותר להתרים	טיפול בהפרעות קשב ופעלתנות יתר (ADHD)
קונקור	CONCOR	BISOPROLOL	מותר להתרים אם לחץ הדם מאוזן ודופק מעל 70 לדקה	טיפול ביתר לחץ דם
קונקור	CONCOR	BISOPROLOL	אסור להתרים	טיפול בבעיות לב
קוסנטיקס	COSENTYX	SECUKINUMAB	אסור להתרים	טיפול בפסוריאזיס קשה
קורוסן	COROSAN	DIPYRIDAMOLE	לפנות לסמכות רפואית	לדילול דם
קורטיזון אצטאט	CORTISONE ACETATE	CORTISONE ACETATE	אסור להתרים במהלך הטיפול,לתרומות עתידיות לפנות לסמכות רפואית	טיפול במחלות אוטואימוניות, התקפי אסטמה/ אלרגיה
קזודקס	CASODEX	BICALUTAMIDE	אסור להתרים	טיפול בסרטן פרוסטטה
קטאפלם	CATAFLAM	DICLOFENAC	מותר להתרים. לא לטרומבוציטים, אם קיבל במשך 3 ימים אחרונים	נגד כאבים
קטוקונזול	KETOCONAZOLE	KETOCONAZOLE	אסור להתרים	טיפול בתסמונת קושינג
קיו-ואר	QVAR	BECLOMETHASONE	מותר להתרים בהתאם להנחיות רפואיות (ראה אסטמה)	טיפול באסטמה
קיוטרן	QTERN	SAXAGLIPTIN, DAPAGLIFLOZIN	מותר להתרים אם סכרת מאוזנת	טיפול בסכרת
קיופנס	CUFENCE	TRIENTINE	אסור להתרים	טיפול במחלת וילסון
קיורטן	CURATANE	ISOTRETINOIN	מותר להתרים חודש לאחר סיום הטיפול	טיפול באקנה
קינידין	QUINIDINE	QUINIDINE	אסור להתרים	טיפול בהפרעות קצב
קינרט	KINERET	ANAKINRA	אסור להתרים	טיפול בראומטויד ארטריטיס פעילה
קלאסיד	KLACID	CLARYTHROMYCIN	מותר להתרים לאחר סיום הטיפול והחלמה מלאה בהתאם למחלה	אנטיביוטיקה
קלבטן	KALBETEN	BISMUTH	מותר להתרים אם אין עדות לגסטרואנטריטיס חריפה	טיפול בשלשול, בחילה,  אי נוחות במע' העיכול
קלגרון	KALGARON	LIDOCAINE, TYROTHRICIN	מותר להתרים לאחר סיום הטיפול והחלמה	לדלקת גרון
קלובה	KALOBA	HERBAL EXTRACT	מותר להתרים לאחר סיום הטיפול והחלמה	נגד שיעול וליחה
קלוד	CLOOD	CLOPIDOGREL	יש לפנות לסמכות רפואית. לא לטרומבוציטים	דילול דם
קלוניריט	CLONNIRIT	CLONIDINE	מותר להתרים	למניעת התקפי מיגרנה, כאבי ראש וגלי חום
קלונקס	CLONEX	CLONAZEPAM	אסור להתרים	טיפול באפילפסיה
קלונקס	CLONEX	CLONAZEPAM	מותר להתרים. יש לוודא שתורם במצב נפשי תקין ובא לתרום מרצונו	טיפול בבעיות נפשיות
קלופידוגרל	CLOPIDOGREL	CLOPIDOGREL	יש לפנות לסמכות רפואית. לא לטרומבוציטים	דילול דם
קלופידקסל	CLOPIDEXCEL	CLOPIDOGREL	יש לפנות לסמכות רפואית. לא לטרומבוציטים	דילול דם
קלופיקסול	CLOPIXOL	ZUCLOPENTHIXOL	מותר להתרים. יש לוודא שתורם במצב נפשי תקין ובא לתרום מרצונו	טיפול בבעיות נפשיות
קלוריל	KALURIL	AMILORIDE, HYDROCHLOROTHIAZIDE	מותר להתרים אם לחץ הדם מאוזן	טיפול ביתר לחץ דם
קלוריל	KALURIL	AMILORIDE, HYDROCHLOROTHIAZIDE	אסור להתרים	טיפול באי ספיקת לב
קליאוגסט	KLIOGEST	ESTRADIOL, NORETHISTERONE	מותר להתרים	טיפול הורמונלי בגיל המעבר (HRT)
קלייר	QLAIR	ESTRADIOL, DIENOGEST	מותר להתרים	גלולות מניעת הריון
קלמנרבין	CALMANERVIN	VALERIAN EXTR.	מותר להתרים	טיפול בחרדה והפרעות שינה
קלסינוס	KALSINUS	PSEUDOEPHEDRINE	מותר להתרים	טיפול בנזלת
קלצי-רב	CALCI-RAV	CALCIUM	מותר להתרים	תוספת סידן
קלצילס	CALCILESS	SODIUM, POTASSIUM	מותר להתרים אם תפקודי כליות תקינים	טיפול ומניעה אבנים בכליות
קלצימור	CALCIMORE	CALCIUM	מותר להתרים	טיפול בצרבת וחסר סידן
קלקסן	CLEXANE	ENOXAPARIN	מותר להתרים לאחר סיום הטיפול והחלמה מלאה בהתאם למחלה	לטיפול ומניעת היווצרות קרישי דם במצבים שונים
קלרידקס	KLARIDEX	CLARYTHROMYCIN	מותר להתרים לאחר סיום הטיפול והחלמה מלאה בהתאם למחלה	אנטיביוטיקה
קלרינז	CLARINASE	LORATADINE	מותר להתרים	טיפול  באלרגיה
קמדרין	KEMADRIN	PROCYCLIDINE	מותר להתרים בהתאם למצבו התורם	טיפול במחלת פרקינסון
קנדור פלוס	CANDOR PLUS	CANDESARTAN, HYDROCHLOPOTHIAZIDE	מותר להתרים אם לחץ הדם מאוזן	טיפול ביתר לחץ דם
קסטרל	XATRAL	ALFUZOSINE	מותר להתרים	טיפול בהגדלת פרוסטטה שפירה
קסיגדו	XIGDUO	METFORMIN, DAPAGLIFLOZIN	מותר להתרים אם סכרת מאוזנת	טיפול בסכרת
קסלג'אנז	XELJANZ	TOFACITINIB	אסור להתרים	טיפול אימונוסופרסיבי
קסנאגיס	XANAGIS	ALPRAZOLAM	מותר להתרים. יש לוודא שתורם במצב נפשי תקין ובא לתרום מרצונו	טיפול במצבי חרדה ודיכאון
קסנאקס	XANAX	ALPRAZOLAM	מותר להתרים. יש לוודא שתורם במצב נפשי תקין ובא לתרום מרצונו	טיפול במצבי חרדה ודיכאון
קסנזין	XENAZINE	TETRABENAZINE	יש לפנות לסמכות רפואית	טיפול בהפרעות תנועה
קסניקל	XENICAL	ORLISTAT	מותר להתרים	להרזייה
קספו	XEFO	LORNOXICAM	מותר להתרים בהתאם למחלה/ מצב רפואי. לא לטרומבוציטים, אם קיבל במשך 3 ימים אחרונים	נגד כאבים
קספו	XEFO	LORNOXICAM	אסור להתרים אם דלקת חריפה, או דלקת כרונית פעילה.לא לטרומבוציטים.	נגד דלקת
קספליון	XEPLION	PALIPERIDONE	מותר להתרים. יש לוודא שתורם במצב נפשי תקין ובא לתרום מרצונו	טיפול בבעיות נפשיות
קסרלטו	XARELTO	RIVAROXABAN	אסור להתרים	לדילול דם
קפרה	KEPPRA	LEVETIRACETAM	אסור להתרים	טיפול באפילפסיה
קראון	CREON	PANCREATIN	אסור להתרים	טיפול באי ספיקת/ דלקת כרונית לבלב
קרבדקסון	CARVEDEXXON	CARVEDILOL	אסור להתרים	טיפול באי ספיקת לב
קרבוסילן	CARBOSYLANE	CHARCOAL, SIMETHICONE	מותר להתרים אם אין עדות לגסטרואנטריטיס חריפה	טיפול באי נוחות במע' העיכול, גזים
קרדילוק	CARDILOC	BISOPROLOL	אסור להתרים	טיפול בבעיות לב
קרדילוק	CARDILOC	BISOPROLOL	מותר להתרים אם לחץ הדם מאוזן ודופק מעל 70 לדקה	טיפול ביתר לחץ דם
קרוודילול	CARVEDILOL	CARVEDILOL	אסור להתרים	טיפול באי ספיקת לב
קרוסיה	CRUSIA	ENOXAPARIN	מותר להתרים לאחר סיום הטיפול והחלמה מלאה בהתאם למחלה	לטיפול ומניעת היווצרות קרישי דם במצבים שונים
קרטיה	CARTIA	ACETYL SALICYLIC ACID	בהתאם למחלה/מצב רפואי, לא לטרומבוציטים, אם קיבל במשך 3 ימים אחרונים	לדילול דם
קריסטקסה	KRISTEXXA	PEGLOTICASE	מותר להתרים אם עברו 24 שעות לאחר הזריקה	טיפול בגאוט
קרסטור	CRESTOR	ROSUVASTATIN	מותר להתרים	טיפול בעודף כולסטרול בדם
ראולין	REOLIN	ACETYLCYSTEINE	מותר להתרים לאחר החלמה	מכייח/טיפול בשיעול וליחה
ראלוקסיפן	RALOXIFENE	RALOXIFENE	מותר להתרים	טיפול באוסטיאופורוזיס
רבולייד	REVOLADE	ELTROMBOPAG	אסור להתרים	טיפול במחלות המטולוגיות
רואקוטן	ROACCUTANE	ISOTRETINOIN	מותר להתרים חודש לאחר סיום הטיפול	טיפול באקנה
רוגסטי	ROGASTI	FAMOTIDINE	מותר להתרים אם אין עדות לדימום והמוגלובין תקין	טיפול בכיב קיבה או תריסריון, רפלוקס
רודנל	RODENAL	TRIHEXYPHENIDYL	יש לפנות לסמכות רפואית	פרקינזוניסם וטיפול בת"ל אקסטרהפירמידליות משניות לטיפול תרופתי אחר
רוואטינקס	ROWATINEX	ANETHOLE  BORNEOL  CAMPHENE  CINEOLE  FENCHONE  PINENE	מותר להתרים לאחר החלמה	טיפול נלווה בדלקת בדרכי השתן
רוואכול	ROWACHOL	BORNEOL CAMPHENE  CINEOLE  MENTHOL  MENTHONE  PINENE	אסור להתרים	טיפול נלווה במחלות כבד
רוואכול	ROWACHOL	BORNEOL CAMPHENE  CINEOLE  MENTHOL  MENTHONE  PINENE	מותר להתרים אם תורם אסימפטומתי ואין דלקת	טיפול נלווה באבני  מרה
רווטיו	REVATIO	SILDENAFIL	אסור להתרים	טיפול ביתר לחץ דם ריאתי
רוומיצין	ROVAMYCIN	SPIRAMYCIN	מותר להתרים לאחר סיום הטיפול והחלמה מלאה בהתאם למחלה	אנטיביוטיקה
רוזובסטטין	ROSUVASTATIN	ROSUVASTATIN	מותר להתרים	טיפול בעודף כולסטרול בדם
רוליד	RULID	ROXITHROMYCIN	מותר להתרים לאחר סיום הטיפול והחלמה מלאה בהתאם למחלה	אנטיביוטיקה
רונקסין	RONEXINE	METHOTRIMEPRAZINE	מותר להתרים. יש לוודא שתורם במצב נפשי תקין ובא לתרום מרצונו	טיפול בבעיות נפשיות
רופינירול	ROPINIROLE	ROPINIROLE	סיכון לירידת לחץ דם, מותר להתרים בהתאם למצבו התורם. לוודא שתייה,למדוד ל"ד ודופק 15 דקות לאחר תרומה	טיפול במחלת פרקינסון
רופפין	RUPAFIN	RUPATADINE	מותר להתרים	טיפול בנזלת אלרגית
רופפין	RUPAFIN	RUPATADINE	מותר להתרים לאחר העלמות הנגעים	טיפול באורטיקריה כרונית
רוקה-קאר	ROKA-CARE	CAFFEINE, CODEINE,PARACETAMOL	מותר להתרים.	נגד כאבים
רוקה-קאר	ROKA-CARE	CAFFEINE, CODEINE,PARACETAMOL	מותר להתרים לאחר החלמה.	נגד חום ושיעול
רוקסו	ROXO	ROXITHROMYCIN	מותר 3 ימים לאחר סיום הטיפול והחלמה מלאה	אנטיביוטיקה
רוקסט	ROKACET	CAFFEINE, CODEINE,PARACETAMOL	מותר להתרים.	נגד כאבים
רוקסט	ROKACET	CAFFEINE, CODEINE,PARACETAMOL	מותר להתרים לאחר החלמה.	נגד חום ושיעול
רזין	RAZIN	PHENTERMINE	מותר להתרים	טיפול בהשמנת יתר
ריאגילה	REAGILA	CARIPRAZINE	מותר להתרים. יש לוודא שתורם במצב נפשי תקין ובא לתרום מרצונו	טיפול בבעיות נפשיות
ריבון	RIBONE	RISEDRONIC ACID	מותר להתרים	טיפול באוסטאופורוזיס, מחלת פג'ט
ריבלסוס	RYBELSUS	SEMAGLUTIDE	מותר להתרים אם סכרת מאוזנת	טיפול בסכרת
רידזין	RIDAZIN	THIORIDAZINE	מותר להתרים. יש לוודא שתורם במצב נפשי תקין ובא לתרום מרצונו	טיפול בבעיות נפשיות
ריווטריל	RIVOTRIL	CLONAZEPAM	מותר להתרים. יש לוודא שתורם במצב נפשי תקין ובא לתרום מרצונו	טיפול בבעיות נפשיות
ריווטריל	RIVOTRIL	CLONAZEPAM	אסור להתרים	טיפול באפילפסיה
ריזדרונט	RISEDRONATE	RISEDRONIC ACID	מותר להתרים.	טיפול באוסטאופורוזיס
ריזלט	RIZALT	RIZATRIPTAN	מותר להתרים אם ללא התקף ביום התרומה	טיפול בהתקפי מיגרנה
ריטלין	RITALIN	METHYLPHENIDATE	מותר להתרים	טיפול בהפרעות קשב ופעלתנות יתר (ADHD)
ריטמיקל	RYTHMICAL	DISOPYRAMIDE	אסור להתרים	טיפול בהפרעות קצב
רילוטק	RILUTEK	RILUZOLE	אסור להתרים	טיפול ב ALS (סקלרוזיס)
רילרט	RELERT	ELETRIPTAN	מותר להתרים אם ללא התקף ביום התרומה	טיפול בהתקפי מיגרנה
ריספונד	RISPOND	RISPERIDONE	מותר להתרים. יש לוודא שתורם במצב נפשי תקין ובא לתרום מרצונו	טיפול בבעיות נפשיות
ריספרדל	RISPERDAL	RISPERIDONE	מותר להתרים. יש לוודא שתורם במצב נפשי תקין ובא לתרום מרצונו	טיפול בבעיות נפשיות
ריספרידקס	RISPERIDEX	RISPERIDONE	מותר להתרים. יש לוודא שתורם במצב נפשי תקין ובא לתרום מרצונו	טיפול בבעיות נפשיות
ריפאליד	RIPALID	REPAGLINIDE	מותר להתרים אם סכרת מאוזנת	טיפול בסכרת
ריקסלטי	REXULTI	BREXPIPRAZOLE	מותר להתרים. יש לוודא שתורם במצב נפשי תקין ובא לתרום מרצונו	טיפול בבעיות נפשיות ודיכאון
ריתמונורם	RYTMONORM	PROPAFENONE	אסור להתרים	טיפול בהפרעות קצב
ריתמקס	RYTHMEX	PROPAFENONE	אסור להתרים	טיפול בהפרעות קצב
רלבר אליפטה	RELVAR ELLIPTA	VILANTEROL, FLUTICASONE	מותר להתרים בהתאם להנחיות רפואיות (ראה אסטמה) / COPD	טיפול באסטמה / COPD
רלנזה	RELENZA	ZANAMIVIR	מותר להתרים לאחר סיום טיפול והחלמה מלאה	טיפול בשפעת
רלקסין	RELAXINE	VALERIAN EXTR.	מותר להתרים	טיפול במצבי חרדה והפרעות שינה
רמוטיב	REMOTIV	HYPERICI HERBA EXTRACTUM	מותר להתרים. יש לוודא שתורם במצב נפשי תקין ובא לתרום מרצונו	טיפול בדיכאון
רמיטנס	RAMITENS	RAMIPRIL	מותר להתרים אם לחץ הדם מאוזן	טיפול ביתר לחץ דם
רמיטנס	RAMITENS	RAMIPRIL	אסור להתרים	טיפול בבעיות לב
רמיפריל	RAMIPRIL	RAMIPRIL	מותר להתרים אם לחץ הדם מאוזן	טיפול ביתר לחץ דם
רמיפריל	RAMIPRIL	RAMIPRIL	אסור להתרים	טיפול בבעיות לב
רמיקד	REMICADE	INFLIXIMAB	אסור להתרים	טיפול אימונוסופרסיבי
רמסימה	REMSIMA	INFLIXIMAB	אסור להתרים	טיפול אימונוסופרסיבי
רסג'ילין	RASAGILINE	RASAGILINE	מותר להתרים בהתאם למצבו התורם	טיפול במחלת פרקינסון
רסיטל	RECITAL	CITALOPRAM	מותר להתרים. יש לוודא שתורם במצב נפשי תקין ובא לתרום מרצונו	טיפול בדיכאון ובעיות נפשיות
רפאגליניד	REPAGLINIDE	REPAGLINIDE	מותר להתרים אם סכרת מאוזנת	טיפול בסכרת
רפאטה	REPATHA	EVOLOCUMAB	מותר להתרים 24 שעות לאחר הזריקה	טיפול להורדת שומנים בדם
רפאסאל	RAFASSAL	MESALAZINE	אסור להתרים	טיפול במחלת קרוהן וקוליטיס מכוייבית (Ulcerative Colitis)
רפנידאט	REPHENIDATE	METYLPHENIDATE	מותר להתרים	טיפול בהפרעות קשב וריכוז (ADHD)
רפנידאט	REPHENIDATE	METYLPHENIDATE	אסור להתרים	טיפול בנרקולפסיה
רקוד	REKOD	CODEINE	מותר להתרים  לאחר סיום הטיפול בהתאם למצב הרפואי	טיפול בשיעול, כאבים
רקוויפ	REQUIP	ROPINIROLE	סיכון לירידת לחץ דם, מותר להתרים בהתאם למצבו התורם. לוודא שתייה,למדוד ל"ד ודופק 15 דקות לאחר תרומה	טיפול במחלת פרקינסון
רקמיד	REKAMIDE	LOPERAMIDE	מותר להתרים שבוע לאחר החלמה	נגד שלשולים
שלי	SHELLY	GESTODENE, ETHINYLESTRADIOL	מותר להתרים	גלולות למניעת הריון
תאוטרד	THEOTARD	THEOPHYLLINE	מותר להתרים בהתאם להנחיות רפואיות (ראה אסטמה)	טיפול באסטמה
תיאוטרים	THEOTRIM	THEOPHYLLINE	מותר להתרים בהתאם להנחיות רפואיות (ראה אסטמה/ ברונכיטיס)	טיפול באסטמה/ ברונכיטיס כרונית
תיאוטרים	THEOTRIM	THEOPHYLLINE	אסור להתרים	טיפול באמפיזמה
תרדיפרון	TARDYFERON	FERROUS SULPHATE	מותר להתרים אם לא נלקח לתיקון אנמיה/חסר ברזל והמוגלובין תקין	טיפול בחוסר ברזל ואנמיה
תרים	TARIM	SILDENAFIL	מותר להתרים 12 שעות לאחר הטיפול	טיפול בבעיות זקפה
תרימקסול	TRIMEXOL	PRAMIPEXOLE	סיכון לירידת לחץ דם, מותר להתרים בהתאם למצבו התורם. לוודא שתייה,למדוד ל"ד ודופק 15 דקות לאחר תרומה	טיפול במחלת פרקינסון
